"1","name","150","2010-11-10"
"2","attribut","125","2010-11-10"
"3","project","115","2010-11-10"
"4","equal","72","2010-11-10"
"5","assert","72","2010-11-10"
"6","comment","64","2010-11-10"
"7","get","64","2010-11-10"
"8","true","59","2010-11-10"
"9","valu","51","2010-11-10"
"10","term","47","2010-11-10"
"16","name","150","2010-11-11"
"17","attribut","125","2010-11-11"
"18","project","115","2010-11-11"
"19","equal","72","2010-11-11"
"20","assert","72","2010-11-11"
"21","comment","64","2010-11-11"
"22","get","64","2010-11-11"
"23","true","59","2010-11-11"
"24","valu","51","2010-11-11"
"25","term","47","2010-11-11"
"31","name","150","2010-11-16"
"32","attribut","125","2010-11-16"
"33","project","115","2010-11-16"
"34","assert","72","2010-11-16"
"35","equal","72","2010-11-16"
"36","comment","64","2010-11-16"
"37","get","64","2010-11-16"
"38","true","59","2010-11-16"
"39","valu","51","2010-11-16"
"40","term","47","2010-11-16"
"46","name","150","2010-11-17"
"47","attribut","125","2010-11-17"
"48","project","115","2010-11-17"
"49","assert","72","2010-11-17"
"50","equal","72","2010-11-17"
"51","get","65","2010-11-17"
"52","comment","64","2010-11-17"
"53","true","59","2010-11-17"
"54","valu","51","2010-11-17"
"55","term","47","2010-11-17"
"61","name","150","2010-11-19"
"62","attribut","125","2010-11-19"
"63","project","115","2010-11-19"
"64","equal","72","2010-11-19"
"65","assert","72","2010-11-19"
"66","get","65","2010-11-19"
"67","comment","64","2010-11-19"
"68","true","59","2010-11-19"
"69","valu","51","2010-11-19"
"70","term","47","2010-11-19"
"76","name","150","2010-11-22"
"77","attribut","125","2010-11-22"
"78","project","115","2010-11-22"
"79","equal","72","2010-11-22"
"80","assert","72","2010-11-22"
"81","get","65","2010-11-22"
"82","comment","64","2010-11-22"
"83","true","59","2010-11-22"
"84","valu","51","2010-11-22"
"85","term","47","2010-11-22"
"91","name","150","2010-11-24"
"92","attribut","125","2010-11-24"
"93","project","115","2010-11-24"
"94","equal","72","2010-11-24"
"95","assert","72","2010-11-24"
"96","get","65","2010-11-24"
"97","comment","64","2010-11-24"
"98","true","59","2010-11-24"
"99","valu","51","2010-11-24"
"100","term","47","2010-11-24"
"106","name","136","2010-12-08"
"107","attribut","125","2010-12-08"
"108","project","114","2010-12-08"
"109","equal","72","2010-12-08"
"110","assert","71","2010-12-08"
"111","get","66","2010-12-08"
"112","comment","64","2010-12-08"
"113","true","57","2010-12-08"
"114","file","53","2010-12-08"
"115","valu","51","2010-12-08"
"121","name","136","2010-12-14"
"122","attribut","125","2010-12-14"
"123","project","114","2010-12-14"
"124","equal","72","2010-12-14"
"125","assert","71","2010-12-14"
"126","get","66","2010-12-14"
"127","comment","64","2010-12-14"
"128","true","57","2010-12-14"
"129","file","53","2010-12-14"
"130","valu","51","2010-12-14"
"136","name","136","2010-12-16"
"137","attribut","125","2010-12-16"
"138","project","114","2010-12-16"
"139","equal","72","2010-12-16"
"140","assert","71","2010-12-16"
"141","get","66","2010-12-16"
"142","comment","64","2010-12-16"
"143","true","57","2010-12-16"
"144","file","53","2010-12-16"
"145","valu","51","2010-12-16"
"151","name","136","2011-01-13"
"152","attribut","125","2011-01-13"
"153","project","114","2011-01-13"
"154","equal","72","2011-01-13"
"155","assert","71","2011-01-13"
"156","get","66","2011-01-13"
"157","comment","64","2011-01-13"
"158","true","57","2011-01-13"
"159","file","53","2011-01-13"
"160","valu","51","2011-01-13"
"166","name","136","2011-01-19"
"167","attribut","125","2011-01-19"
"168","project","114","2011-01-19"
"169","equal","72","2011-01-19"
"170","assert","71","2011-01-19"
"171","get","66","2011-01-19"
"172","comment","64","2011-01-19"
"173","true","57","2011-01-19"
"174","file","53","2011-01-19"
"175","valu","51","2011-01-19"
"181","name","152","2011-11-16"
"182","attribut","125","2011-11-16"
"183","comment","118","2011-11-16"
"184","project","117","2011-11-16"
"185","get","103","2011-11-16"
"186","line","103","2011-11-16"
"187","extract","93","2011-11-16"
"188","equal","72","2011-11-16"
"189","file","72","2011-11-16"
"190","assert","71","2011-11-16"
"196","name","151","2011-11-17"
"197","attribut","125","2011-11-17"
"198","comment","118","2011-11-17"
"199","project","117","2011-11-17"
"200","line","112","2011-11-17"
"201","get","109","2011-11-17"
"202","extract","93","2011-11-17"
"203","equal","72","2011-11-17"
"204","file","72","2011-11-17"
"205","assert","71","2011-11-17"
"211","name","152","2011-11-18"
"212","attribut","125","2011-11-18"
"213","comment","118","2011-11-18"
"214","project","117","2011-11-18"
"215","line","112","2011-11-18"
"216","get","110","2011-11-18"
"217","extract","93","2011-11-18"
"218","file","73","2011-11-18"
"219","equal","72","2011-11-18"
"220","assert","71","2011-11-18"
"226","name","151","2011-11-21"
"227","attribut","125","2011-11-21"
"228","comment","118","2011-11-21"
"229","project","117","2011-11-21"
"230","line","112","2011-11-21"
"231","get","110","2011-11-21"
"232","extract","93","2011-11-21"
"233","equal","72","2011-11-21"
"234","file","72","2011-11-21"
"235","assert","71","2011-11-21"
"241","name","151","2011-11-22"
"242","attribut","125","2011-11-22"
"243","comment","118","2011-11-22"
"244","project","117","2011-11-22"
"245","line","112","2011-11-22"
"246","get","110","2011-11-22"
"247","extract","106","2011-11-22"
"248","file","73","2011-11-22"
"249","equal","72","2011-11-22"
"250","assert","71","2011-11-22"
"256","name","152","2011-11-23"
"257","attribut","125","2011-11-23"
"258","line","119","2011-11-23"
"259","comment","119","2011-11-23"
"260","project","117","2011-11-23"
"261","get","114","2011-11-23"
"262","extract","110","2011-11-23"
"263","file","73","2011-11-23"
"264","equal","72","2011-11-23"
"265","assert","71","2011-11-23"
"271","name","156","2011-12-05"
"272","comment","148","2011-12-05"
"273","loc","145","2011-12-05"
"274","get","138","2011-12-05"
"275","line","133","2011-12-05"
"276","attribut","125","2011-12-05"
"277","project","114","2011-12-05"
"278","code","109","2011-12-05"
"279","sourc","101","2011-12-05"
"280","equal","72","2011-12-05"
"286","name","156","2012-01-06"
"287","comment","147","2012-01-06"
"288","get","143","2012-01-06"
"289","loc","138","2012-01-06"
"290","attribut","125","2012-01-06"
"291","line","115","2012-01-06"
"292","project","114","2012-01-06"
"293","code","99","2012-01-06"
"294","sourc","96","2012-01-06"
"295","equal","72","2012-01-06"
"301","name","157","2012-01-11"
"302","comment","157","2012-01-11"
"303","loc","153","2012-01-11"
"304","get","141","2012-01-11"
"305","line","138","2012-01-11"
"306","code","131","2012-01-11"
"307","attribut","125","2012-01-11"
"308","sourc","116","2012-01-11"
"309","project","114","2012-01-11"
"310","param","84","2012-01-11"
"316","loc","164","2012-01-16"
"317","comment","160","2012-01-16"
"318","name","158","2012-01-16"
"319","get","158","2012-01-16"
"320","line","148","2012-01-16"
"321","code","142","2012-01-16"
"322","sourc","127","2012-01-16"
"323","attribut","125","2012-01-16"
"324","project","114","2012-01-16"
"325","param","91","2012-01-16"
"331","loc","188","2012-01-18"
"332","name","175","2012-01-18"
"333","get","170","2012-01-18"
"334","comment","169","2012-01-18"
"335","file","137","2012-01-18"
"336","code","134","2012-01-18"
"337","sourc","130","2012-01-18"
"338","attribut","125","2012-01-18"
"339","param","122","2012-01-18"
"340","project","114","2012-01-18"
"346","loc","219","2012-01-19"
"347","file","178","2012-01-19"
"348","comment","178","2012-01-19"
"349","name","178","2012-01-19"
"350","get","170","2012-01-19"
"351","code","143","2012-01-19"
"352","sourc","139","2012-01-19"
"353","param","128","2012-01-19"
"354","attribut","125","2012-01-19"
"355","project","114","2012-01-19"
"361","loc","188","2012-01-30"
"362","name","175","2012-01-30"
"363","get","170","2012-01-30"
"364","comment","169","2012-01-30"
"365","file","137","2012-01-30"
"366","code","134","2012-01-30"
"367","sourc","130","2012-01-30"
"368","attribut","125","2012-01-30"
"369","param","116","2012-01-30"
"370","project","114","2012-01-30"
"376","loc","188","2012-02-06"
"377","name","174","2012-02-06"
"378","get","170","2012-02-06"
"379","comment","169","2012-02-06"
"380","file","137","2012-02-06"
"381","code","134","2012-02-06"
"382","sourc","130","2012-02-06"
"383","attribut","125","2012-02-06"
"384","param","116","2012-02-06"
"385","project","114","2012-02-06"
"391","loc","188","2012-02-07"
"392","name","174","2012-02-07"
"393","get","170","2012-02-07"
"394","comment","169","2012-02-07"
"395","file","137","2012-02-07"
"396","code","134","2012-02-07"
"397","sourc","130","2012-02-07"
"398","attribut","125","2012-02-07"
"399","param","122","2012-02-07"
"400","project","114","2012-02-07"
"406","loc","188","2012-02-08"
"407","name","174","2012-02-08"
"408","comment","173","2012-02-08"
"409","get","170","2012-02-08"
"410","file","137","2012-02-08"
"411","code","135","2012-02-08"
"412","sourc","130","2012-02-08"
"413","attribut","125","2012-02-08"
"414","param","122","2012-02-08"
"415","project","114","2012-02-08"
"421","loc","188","2012-02-15"
"422","name","174","2012-02-15"
"423","comment","173","2012-02-15"
"424","get","170","2012-02-15"
"425","file","137","2012-02-15"
"426","code","136","2012-02-15"
"427","sourc","131","2012-02-15"
"428","attribut","125","2012-02-15"
"429","param","122","2012-02-15"
"430","project","114","2012-02-15"
"436","loc","203","2012-03-07"
"437","comment","177","2012-03-07"
"438","get","177","2012-03-07"
"439","name","173","2012-03-07"
"440","file","149","2012-03-07"
"441","code","147","2012-03-07"
"442","sourc","144","2012-03-07"
"443","attribut","125","2012-03-07"
"444","param","120","2012-03-07"
"445","assert","115","2012-03-07"
"451","loc","203","2012-03-08"
"452","comment","177","2012-03-08"
"453","get","177","2012-03-08"
"454","name","173","2012-03-08"
"455","file","149","2012-03-08"
"456","code","147","2012-03-08"
"457","sourc","144","2012-03-08"
"458","attribut","125","2012-03-08"
"459","param","120","2012-03-08"
"460","assert","115","2012-03-08"
"466","loc","207","2012-06-21"
"467","comment","177","2012-06-21"
"468","get","177","2012-06-21"
"469","name","173","2012-06-21"
"470","file","149","2012-06-21"
"471","code","147","2012-06-21"
"472","sourc","144","2012-06-21"
"473","attribut","125","2012-06-21"
"474","param","120","2012-06-21"
"475","assert","115","2012-06-21"
"481","loc","236","2012-07-13"
"482","get","185","2012-07-13"
"483","comment","185","2012-07-13"
"484","name","178","2012-07-13"
"485","file","149","2012-07-13"
"486","code","148","2012-07-13"
"487","sourc","145","2012-07-13"
"488","attribut","125","2012-07-13"
"489","param","121","2012-07-13"
"490","assert","115","2012-07-13"
"496","loc","236","2012-07-16"
"497","name","189","2012-07-16"
"498","comment","185","2012-07-16"
"499","get","184","2012-07-16"
"500","file","154","2012-07-16"
"501","code","148","2012-07-16"
"502","sourc","145","2012-07-16"
"503","attribut","125","2012-07-16"
"504","param","121","2012-07-16"
"505","assert","115","2012-07-16"
"511","attribut","1022","2012-08-06"
"512","name","684","2012-08-06"
"513","equal","604","2012-08-06"
"514","assert","576","2012-08-06"
"515","loc","494","2012-08-06"
"516","true","481","2012-08-06"
"517","get","452","2012-08-06"
"518","valu","423","2012-08-06"
"519","comment","403","2012-08-06"
"520","file","350","2012-08-06"
"526","attribut","1876","2012-08-07"
"527","equal","1115","2012-08-07"
"528","name","1052","2012-08-07"
"529","assert","918","2012-08-07"
"530","true","821","2012-08-07"
"531","valu","765","2012-08-07"
"532","next","597","2012-08-07"
"533","get","576","2012-08-07"
"534","loc","539","2012-08-07"
"535","comment","532","2012-08-07"
"541","attribut","2198","2012-08-09"
"542","equal","1307","2012-08-09"
"543","name","1205","2012-08-09"
"544","assert","1195","2012-08-09"
"545","true","1098","2012-08-09"
"546","valu","894","2012-08-09"
"547","next","696","2012-08-09"
"548","get","629","2012-08-09"
"549","comment","611","2012-08-09"
"550","loc","597","2012-08-09"
"556","attribut","2198","2012-08-13"
"557","equal","1307","2012-08-13"
"558","name","1214","2012-08-13"
"559","assert","1195","2012-08-13"
"560","true","1098","2012-08-13"
"561","valu","894","2012-08-13"
"562","next","696","2012-08-13"
"563","get","632","2012-08-13"
"564","comment","611","2012-08-13"
"565","loc","602","2012-08-13"
"571","attribut","2198","2012-08-14"
"572","equal","1307","2012-08-14"
"573","name","1214","2012-08-14"
"574","assert","1195","2012-08-14"
"575","true","1098","2012-08-14"
"576","valu","894","2012-08-14"
"577","next","696","2012-08-14"
"578","get","632","2012-08-14"
"579","comment","611","2012-08-14"
"580","loc","602","2012-08-14"
"586","attribut","2198","2012-08-16"
"587","equal","1307","2012-08-16"
"588","name","1214","2012-08-16"
"589","assert","1195","2012-08-16"
"590","true","1098","2012-08-16"
"591","valu","894","2012-08-16"
"592","next","696","2012-08-16"
"593","get","632","2012-08-16"
"594","comment","611","2012-08-16"
"595","loc","602","2012-08-16"
"601","attribut","2198","2012-08-17"
"602","equal","1313","2012-08-17"
"603","name","1216","2012-08-17"
"604","assert","1195","2012-08-17"
"605","true","1098","2012-08-17"
"606","valu","894","2012-08-17"
"607","next","696","2012-08-17"
"608","get","631","2012-08-17"
"609","comment","611","2012-08-17"
"610","loc","607","2012-08-17"
"616","attribut","2276","2012-08-19"
"617","equal","1366","2012-08-19"
"618","name","1245","2012-08-19"
"619","assert","1202","2012-08-19"
"620","true","1104","2012-08-19"
"621","valu","927","2012-08-19"
"622","next","717","2012-08-19"
"623","get","629","2012-08-19"
"624","loc","591","2012-08-19"
"625","prop","486","2012-08-19"
"631","attribut","2276","2012-10-08"
"632","equal","1367","2012-10-08"
"633","name","1206","2012-10-08"
"634","assert","1202","2012-10-08"
"635","true","1104","2012-10-08"
"636","valu","929","2012-10-08"
"637","next","717","2012-10-08"
"638","get","633","2012-10-08"
"639","loc","544","2012-10-08"
"640","comment","494","2012-10-08"
"646","attribut","2276","2012-10-15"
"647","equal","1367","2012-10-15"
"648","name","1208","2012-10-15"
"649","assert","1205","2012-10-15"
"650","true","1104","2012-10-15"
"651","valu","929","2012-10-15"
"652","next","717","2012-10-15"
"653","get","634","2012-10-15"
"654","loc","549","2012-10-15"
"655","comment","495","2012-10-15"
"661","attribut","2276","2012-10-24"
"662","equal","1367","2012-10-24"
"663","name","1247","2012-10-24"
"664","assert","1208","2012-10-24"
"665","true","1104","2012-10-24"
"666","valu","930","2012-10-24"
"667","next","717","2012-10-24"
"668","get","682","2012-10-24"
"669","loc","549","2012-10-24"
"670","comment","495","2012-10-24"
"676","attribut","2276","2012-10-25"
"677","equal","1367","2012-10-25"
"678","name","1266","2012-10-25"
"679","assert","1210","2012-10-25"
"680","true","1104","2012-10-25"
"681","valu","932","2012-10-25"
"682","next","717","2012-10-25"
"683","get","704","2012-10-25"
"684","loc","549","2012-10-25"
"685","comment","495","2012-10-25"
"691","attribut","2276","2012-10-29"
"692","equal","1367","2012-10-29"
"693","name","1258","2012-10-29"
"694","assert","1210","2012-10-29"
"695","true","1104","2012-10-29"
"696","valu","932","2012-10-29"
"697","next","717","2012-10-29"
"698","get","700","2012-10-29"
"699","loc","549","2012-10-29"
"700","comment","495","2012-10-29"
"706","attribut","2276","2012-11-07"
"707","equal","1367","2012-11-07"
"708","name","1258","2012-11-07"
"709","assert","1210","2012-11-07"
"710","true","1104","2012-11-07"
"711","valu","932","2012-11-07"
"712","next","717","2012-11-07"
"713","get","700","2012-11-07"
"714","loc","549","2012-11-07"
"715","comment","495","2012-11-07"
"721","attribut","2276","2012-11-08"
"722","equal","1366","2012-11-08"
"723","name","1258","2012-11-08"
"724","assert","1210","2012-11-08"
"725","true","1104","2012-11-08"
"726","valu","930","2012-11-08"
"727","next","717","2012-11-08"
"728","get","692","2012-11-08"
"729","loc","543","2012-11-08"
"730","prop","486","2012-11-08"
"736","attribut","2276","2012-11-09"
"737","equal","1366","2012-11-09"
"738","name","1257","2012-11-09"
"739","assert","1210","2012-11-09"
"740","true","1104","2012-11-09"
"741","valu","930","2012-11-09"
"742","next","717","2012-11-09"
"743","get","692","2012-11-09"
"744","loc","543","2012-11-09"
"745","prop","486","2012-11-09"
"751","attribut","2276","2012-11-13"
"752","equal","1366","2012-11-13"
"753","name","1257","2012-11-13"
"754","assert","1210","2012-11-13"
"755","true","1104","2012-11-13"
"756","valu","930","2012-11-13"
"757","next","717","2012-11-13"
"758","get","684","2012-11-13"
"759","loc","542","2012-11-13"
"760","prop","486","2012-11-13"
"766","attribut","2276","2012-11-22"
"767","equal","1366","2012-11-22"
"768","name","1258","2012-11-22"
"769","assert","1210","2012-11-22"
"770","true","1104","2012-11-22"
"771","valu","930","2012-11-22"
"772","next","717","2012-11-22"
"773","get","684","2012-11-22"
"774","loc","542","2012-11-22"
"775","prop","486","2012-11-22"
"781","attribut","2276","2012-11-23"
"782","equal","1369","2012-11-23"
"783","name","1268","2012-11-23"
"784","assert","1210","2012-11-23"
"785","true","1104","2012-11-23"
"786","valu","929","2012-11-23"
"787","next","723","2012-11-23"
"788","get","692","2012-11-23"
"789","loc","542","2012-11-23"
"790","prop","486","2012-11-23"
"796","attribut","2276","2012-11-26"
"797","equal","1371","2012-11-26"
"798","name","1268","2012-11-26"
"799","assert","1210","2012-11-26"
"800","true","1104","2012-11-26"
"801","valu","929","2012-11-26"
"802","next","723","2012-11-26"
"803","get","692","2012-11-26"
"804","loc","542","2012-11-26"
"805","prop","486","2012-11-26"
"811","attribut","2276","2012-11-30"
"812","equal","1371","2012-11-30"
"813","name","1268","2012-11-30"
"814","assert","1210","2012-11-30"
"815","true","1104","2012-11-30"
"816","valu","929","2012-11-30"
"817","next","723","2012-11-30"
"818","get","692","2012-11-30"
"819","loc","542","2012-11-30"
"820","prop","486","2012-11-30"
"826","attribut","2276","2012-12-03"
"827","equal","1371","2012-12-03"
"828","name","1268","2012-12-03"
"829","assert","1210","2012-12-03"
"830","true","1104","2012-12-03"
"831","valu","929","2012-12-03"
"832","next","723","2012-12-03"
"833","get","692","2012-12-03"
"834","loc","542","2012-12-03"
"835","prop","486","2012-12-03"
"841","attribut","2276","2013-03-21"
"842","equal","1371","2013-03-21"
"843","name","1268","2013-03-21"
"844","assert","1210","2013-03-21"
"845","true","1104","2013-03-21"
"846","valu","929","2013-03-21"
"847","next","723","2013-03-21"
"848","get","692","2013-03-21"
"849","loc","542","2013-03-21"
"850","prop","486","2013-03-21"
"856","attribut","2276","2013-06-01"
"857","equal","1371","2013-06-01"
"858","name","1269","2013-06-01"
"859","assert","1210","2013-06-01"
"860","true","1104","2013-06-01"
"861","valu","929","2013-06-01"
"862","next","723","2013-06-01"
"863","get","694","2013-06-01"
"864","loc","535","2013-06-01"
"865","prop","487","2013-06-01"
"871","attribut","1483","2013-06-05"
"872","name","1059","2013-06-05"
"873","equal","979","2013-06-05"
"874","assert","925","2013-06-05"
"875","true","839","2013-06-05"
"876","valu","729","2013-06-05"
"877","next","702","2013-06-05"
"878","get","664","2013-06-05"
"879","prop","471","2013-06-05"
"880","loc","464","2013-06-05"
"886","attribut","1483","2013-06-07"
"887","name","1059","2013-06-07"
"888","equal","979","2013-06-07"
"889","assert","925","2013-06-07"
"890","true","839","2013-06-07"
"891","valu","729","2013-06-07"
"892","next","702","2013-06-07"
"893","get","664","2013-06-07"
"894","prop","471","2013-06-07"
"895","loc","464","2013-06-07"
"901","attribut","1483","2013-06-10"
"902","name","1059","2013-06-10"
"903","equal","979","2013-06-10"
"904","assert","925","2013-06-10"
"905","true","839","2013-06-10"
"906","valu","729","2013-06-10"
"907","next","702","2013-06-10"
"908","get","664","2013-06-10"
"909","prop","471","2013-06-10"
"910","loc","464","2013-06-10"
"916","attribut","1483","2013-12-17"
"917","name","1059","2013-12-17"
"918","equal","979","2013-12-17"
"919","assert","925","2013-12-17"
"920","true","839","2013-12-17"
"921","valu","729","2013-12-17"
"922","next","702","2013-12-17"
"923","get","664","2013-12-17"
"924","prop","471","2013-12-17"
"925","loc","464","2013-12-17"
"931","attribut","1483","2014-01-25"
"932","name","1059","2014-01-25"
"933","equal","979","2014-01-25"
"934","assert","925","2014-01-25"
"935","true","839","2014-01-25"
"936","valu","729","2014-01-25"
"937","next","702","2014-01-25"
"938","get","664","2014-01-25"
"939","prop","471","2014-01-25"
"940","loc","464","2014-01-25"
"946","attribut","1483","2014-01-30"
"947","name","1081","2014-01-30"
"948","equal","979","2014-01-30"
"949","assert","925","2014-01-30"
"950","true","839","2014-01-30"
"951","valu","729","2014-01-30"
"952","next","702","2014-01-30"
"953","get","664","2014-01-30"
"954","prop","651","2014-01-30"
"955","string","538","2014-01-30"
"961","attribut","1483","2014-02-06"
"962","name","1081","2014-02-06"
"963","equal","979","2014-02-06"
"964","assert","906","2014-02-06"
"965","true","839","2014-02-06"
"966","valu","729","2014-02-06"
"967","next","702","2014-02-06"
"968","get","664","2014-02-06"
"969","prop","471","2014-02-06"
"970","loc","471","2014-02-06"
"976","attribut","1483","2014-07-16"
"977","name","1082","2014-07-16"
"978","equal","980","2014-07-16"
"979","assert","906","2014-07-16"
"980","true","839","2014-07-16"
"981","valu","729","2014-07-16"
"982","next","702","2014-07-16"
"983","get","664","2014-07-16"
"984","prop","471","2014-07-16"
"985","loc","471","2014-07-16"
"991","attribut","1483","2015-03-09"
"992","name","1082","2015-03-09"
"993","equal","981","2015-03-09"
"994","assert","906","2015-03-09"
"995","true","839","2015-03-09"
"996","valu","729","2015-03-09"
"997","next","702","2015-03-09"
"998","get","664","2015-03-09"
"999","prop","471","2015-03-09"
"1000","loc","471","2015-03-09"
"1006","attribut","1483","2016-09-20"
"1007","name","1082","2016-09-20"
"1008","equal","981","2016-09-20"
"1009","assert","906","2016-09-20"
"1010","true","839","2016-09-20"
"1011","valu","729","2016-09-20"
"1012","next","702","2016-09-20"
"1013","get","665","2016-09-20"
"1014","prop","471","2016-09-20"
"1015","loc","471","2016-09-20"
