"1","/VocabularyExtractor/tests/:test.JavaFolderTermExtractorTest","885","2010-11-10"
"2","/VocabularyExtractor/src/:extractor.SourceCodeTermExtractor","414","2010-11-10"
"3","/VocabularyExtractor/src/:extractor.JavaFolderTermExtractor","299","2010-11-10"
"4","/VocabularyExtractor/src/:extractor.ProjectTermExtractor","242","2010-11-10"
"5","/VocabularyExtractor/src/:extractor.ASTTermExtractor","203","2010-11-10"
"6","/VocabularyExtractor/src/:main.VocabularyExtractor","164","2010-11-10"
"7","/VocabularyExtractor/tests/:util.VXLHandler","143","2010-11-10"
"8","/VocabularyExtractor/files/XmlToXsd/src/:com.xml2xsd.GenericClass","49","2010-11-10"
"9","/VocabularyExtractor/src/:util.FileUtil","46","2010-11-10"
"10","/VocabularyExtractor/files/XmlToXsd/src/:com.xml2xsd.GenericClass$Interna","7","2010-11-10"
"16","/VocabularyExtractor/tests/:test.JavaFolderTermExtractorTest","885","2010-11-11"
"17","/VocabularyExtractor/src/:extractor.SourceCodeTermExtractor","414","2010-11-11"
"18","/VocabularyExtractor/src/:extractor.JavaFolderTermExtractor","299","2010-11-11"
"19","/VocabularyExtractor/src/:extractor.ProjectTermExtractor","242","2010-11-11"
"20","/VocabularyExtractor/src/:extractor.ASTTermExtractor","203","2010-11-11"
"21","/VocabularyExtractor/src/:main.VocabularyExtractor","164","2010-11-11"
"22","/VocabularyExtractor/tests/:util.VXLHandler","143","2010-11-11"
"23","/VocabularyExtractor/files/XmlToXsd/src/:com.xml2xsd.GenericClass","49","2010-11-11"
"24","/VocabularyExtractor/src/:util.FileUtil","46","2010-11-11"
"25","/VocabularyExtractor/files/XmlToXsd/src/:com.xml2xsd.GenericClass$Interna","7","2010-11-11"
"31","/tests/:test.JavaFolderTermExtractorTest","885","2010-11-16"
"32","/src/:extractor.SourceCodeTermExtractor","414","2010-11-16"
"33","/src/:extractor.JavaFolderTermExtractor","299","2010-11-16"
"34","/src/:extractor.ProjectTermExtractor","242","2010-11-16"
"35","/src/:extractor.ASTTermExtractor","203","2010-11-16"
"36","/src/:main.VocabularyExtractor","164","2010-11-16"
"37","/tests/:util.VXLHandler","143","2010-11-16"
"38","/files/XmlToXsd/src/:com.xml2xsd.GenericClass","49","2010-11-16"
"39","/src/:util.FileUtil","46","2010-11-16"
"40","/files/XmlToXsd/src/:com.xml2xsd.GenericClass$Interna","7","2010-11-16"
"46","/tests/:test.JavaFolderTermExtractorTest","885","2010-11-17"
"47","/src/:extractor.SourceCodeTermExtractor","414","2010-11-17"
"48","/src/:extractor.JavaFolderTermExtractor","299","2010-11-17"
"49","/src/:extractor.ProjectTermExtractor","287","2010-11-17"
"50","/src/:extractor.ASTTermExtractor","203","2010-11-17"
"51","/src/:main.VocabularyExtractor","164","2010-11-17"
"52","/tests/:util.VXLHandler","143","2010-11-17"
"53","/files/XmlToXsd/src/:com.xml2xsd.GenericClass","49","2010-11-17"
"54","/src/:util.FileUtil","46","2010-11-17"
"55","/files/XmlToXsd/src/:com.xml2xsd.GenericClass$Interna","7","2010-11-17"
"61","/tests/:test.JavaFolderTermExtractorTest","885","2010-11-19"
"62","/src/:org.splabs.vocabulary.vxl.extractor.SourceCodeTermExtractor","414","2010-11-19"
"63","/src/:org.splabs.vocabulary.vxl.extractor.JavaFolderTermExtractor","299","2010-11-19"
"64","/src/:org.splabs.vocabulary.vxl.extractor.ProjectTermExtractor","287","2010-11-19"
"65","/src/:org.splabs.vocabulary.vxl.extractor.ASTTermExtractor","203","2010-11-19"
"66","/src/:org.splabs.vocabulary.vxl.VocabularyExtractor","169","2010-11-19"
"67","/tests/:util.VXLHandler","143","2010-11-19"
"68","/files/XmlToXsd/src/:com.xml2xsd.GenericClass","49","2010-11-19"
"69","/src/:org.splabs.vocabulary.vxl.extractor.util.FileUtil","46","2010-11-19"
"70","/files/XmlToXsd/src/:com.xml2xsd.GenericClass$Interna","7","2010-11-19"
"76","/tests/:test.JavaFolderTermExtractorTest","885","2010-11-22"
"77","/src/:org.splabs.vocabulary.vxl.extractor.SourceCodeTermExtractor","414","2010-11-22"
"78","/src/:org.splabs.vocabulary.vxl.extractor.JavaFolderTermExtractor","299","2010-11-22"
"79","/src/:org.splabs.vocabulary.vxl.extractor.ProjectTermExtractor","287","2010-11-22"
"80","/src/:org.splabs.vocabulary.vxl.extractor.ASTTermExtractor","203","2010-11-22"
"81","/src/:org.splabs.vocabulary.vxl.VocabularyExtractor","169","2010-11-22"
"82","/tests/:util.VXLHandler","143","2010-11-22"
"83","/files/XmlToXsd/src/:com.xml2xsd.GenericClass","49","2010-11-22"
"84","/src/:org.splabs.vocabulary.vxl.extractor.util.FileUtil","46","2010-11-22"
"85","/files/XmlToXsd/src/:com.xml2xsd.GenericClass$Interna","7","2010-11-22"
"91","/tests/:test.JavaFolderTermExtractorTest","885","2010-11-24"
"92","/src/:org.splabs.vocabulary.vxl.extractor.SourceCodeTermExtractor","414","2010-11-24"
"93","/src/:org.splabs.vocabulary.vxl.extractor.JavaFolderTermExtractor","299","2010-11-24"
"94","/src/:org.splabs.vocabulary.vxl.extractor.ProjectTermExtractor","287","2010-11-24"
"95","/src/:org.splabs.vocabulary.vxl.extractor.ASTTermExtractor","203","2010-11-24"
"96","/src/:org.splabs.vocabulary.vxl.VocabularyExtractor","169","2010-11-24"
"97","/tests/:util.VXLHandler","143","2010-11-24"
"98","/files/XmlToXsd/src/:com.xml2xsd.GenericClass","49","2010-11-24"
"99","/src/:org.splabs.vocabulary.vxl.extractor.util.FileUtil","46","2010-11-24"
"100","/files/XmlToXsd/src/:com.xml2xsd.GenericClass$Interna","7","2010-11-24"
"106","/tests/:test.JavaFolderTermExtractorTest","885","2010-12-08"
"107","/src/:org.splabs.vocabulary.vxl.extractor.SourceCodeVocabularyExtractor","426","2010-12-08"
"108","/src/:org.splabs.vocabulary.vxl.extractor.ProjectVocabularyExtractor","307","2010-12-08"
"109","/src/:org.splabs.vocabulary.vxl.extractor.JavaFolderVocabularyExtractor","286","2010-12-08"
"110","/src/:org.splabs.vocabulary.vxl.extractor.ASTVocabularyExtractor","203","2010-12-08"
"111","/src/:org.splabs.vocabulary.vxl.VocabularyExtractor","169","2010-12-08"
"112","/tests/:util.VXLHandler","143","2010-12-08"
"113","/files/XmlToXsd/src/:com.xml2xsd.GenericClass","49","2010-12-08"
"114","/src/:org.splabs.vocabulary.vxl.extractor.util.FileUtil","46","2010-12-08"
"115","/files/XmlToXsd/src/:com.xml2xsd.GenericClass$Interna","7","2010-12-08"
"121","/tests/:test.JavaFolderTermExtractorTest","885","2010-12-14"
"122","/src/:org.splabs.vocabulary.vxl.extractor.SourceCodeVocabularyExtractor","426","2010-12-14"
"123","/src/:org.splabs.vocabulary.vxl.extractor.ProjectVocabularyExtractor","307","2010-12-14"
"124","/src/:org.splabs.vocabulary.vxl.extractor.JavaFolderVocabularyExtractor","286","2010-12-14"
"125","/src/:org.splabs.vocabulary.vxl.extractor.ASTVocabularyExtractor","203","2010-12-14"
"126","/src/:org.splabs.vocabulary.vxl.VocabularyExtractor","169","2010-12-14"
"127","/tests/:util.VXLHandler","143","2010-12-14"
"128","/files/XmlToXsd/src/:com.xml2xsd.GenericClass","49","2010-12-14"
"129","/src/:org.splabs.vocabulary.vxl.extractor.util.FileUtil","46","2010-12-14"
"130","/files/XmlToXsd/src/:com.xml2xsd.GenericClass$Interna","7","2010-12-14"
"136","/tests/:test.JavaFolderTermExtractorTest","885","2010-12-16"
"137","/src/:org.splabs.vocabulary.vxl.extractor.SourceCodeVocabularyExtractor","426","2010-12-16"
"138","/src/:org.splabs.vocabulary.vxl.extractor.ProjectVocabularyExtractor","307","2010-12-16"
"139","/src/:org.splabs.vocabulary.vxl.extractor.JavaFolderVocabularyExtractor","286","2010-12-16"
"140","/src/:org.splabs.vocabulary.vxl.extractor.ASTVocabularyExtractor","203","2010-12-16"
"141","/src/:org.splabs.vocabulary.vxl.VocabularyExtractor","169","2010-12-16"
"142","/tests/:util.VXLHandler","143","2010-12-16"
"143","/files/XmlToXsd/src/:com.xml2xsd.GenericClass","49","2010-12-16"
"144","/src/:org.splabs.vocabulary.vxl.extractor.util.FileUtil","46","2010-12-16"
"145","/files/XmlToXsd/src/:com.xml2xsd.GenericClass$Interna","7","2010-12-16"
"151","/tests/:test.JavaFolderTermExtractorTest","883","2011-01-13"
"152","/src/:org.splabs.vocabulary.vxl.extractor.SourceCodeVocabularyExtractor","426","2011-01-13"
"153","/src/:org.splabs.vocabulary.vxl.extractor.ProjectVocabularyExtractor","307","2011-01-13"
"154","/src/:org.splabs.vocabulary.vxl.extractor.JavaFolderVocabularyExtractor","286","2011-01-13"
"155","/src/:org.splabs.vocabulary.vxl.extractor.ASTVocabularyExtractor","203","2011-01-13"
"156","/src/:org.splabs.vocabulary.vxl.VocabularyExtractor","169","2011-01-13"
"157","/tests/:util.VXLHandler","143","2011-01-13"
"158","/files/XmlToXsd/src/:com.xml2xsd.GenericClass","49","2011-01-13"
"159","/src/:org.splabs.vocabulary.vxl.extractor.util.FileUtil","46","2011-01-13"
"160","/files/XmlToXsd/src/:com.xml2xsd.GenericClass$Interna","7","2011-01-13"
"166","/tests/:test.JavaFolderTermExtractorTest","883","2011-01-19"
"167","/src/:org.splabs.vocabulary.vxl.extractor.SourceCodeVocabularyExtractor","426","2011-01-19"
"168","/src/:org.splabs.vocabulary.vxl.extractor.ProjectVocabularyExtractor","307","2011-01-19"
"169","/src/:org.splabs.vocabulary.vxl.extractor.JavaFolderVocabularyExtractor","286","2011-01-19"
"170","/src/:org.splabs.vocabulary.vxl.extractor.ASTVocabularyExtractor","203","2011-01-19"
"171","/src/:org.splabs.vocabulary.vxl.VocabularyExtractor","169","2011-01-19"
"172","/tests/:util.VXLHandler","143","2011-01-19"
"173","/files/XmlToXsd/src/:com.xml2xsd.GenericClass","49","2011-01-19"
"174","/src/:org.splabs.vocabulary.vxl.extractor.util.FileUtil","46","2011-01-19"
"175","/files/XmlToXsd/src/:com.xml2xsd.GenericClass$Interna","7","2011-01-19"
"181","/tests/:test.JavaFolderTermExtractorTest","883","2011-11-16"
"182","/src/:org.splabs.vocabulary.vxl.extractor.SourceCodeVocabularyExtractor","600","2011-11-16"
"183","/src/:org.splabs.vocabulary.vxl.extractor.ProjectVocabularyExtractor","365","2011-11-16"
"184","/src/:org.splabs.vocabulary.vxl.extractor.LOC","359","2011-11-16"
"185","/src/:org.splabs.vocabulary.vxl.extractor.JavaFolderVocabularyExtractor","293","2011-11-16"
"186","/src/:org.splabs.vocabulary.vxl.VocabularyExtractor","280","2011-11-16"
"187","/src/:org.splabs.vocabulary.vxl.extractor.CommentUnit","237","2011-11-16"
"188","/src/:org.splabs.vocabulary.vxl.extractor.ASTVocabularyExtractor","210","2011-11-16"
"189","/tests/:util.VXLHandler","143","2011-11-16"
"190","/src/:org.splabs.vocabulary.vxl.extractor.util.FileUtil","68","2011-11-16"
"196","/tests/:test.JavaFolderTermExtractorTest","883","2011-11-17"
"197","/src/:org.splabs.vocabulary.vxl.extractor.SourceCodeVocabularyExtractor","626","2011-11-17"
"198","/src/:org.splabs.vocabulary.vxl.extractor.LOC","378","2011-11-17"
"199","/src/:org.splabs.vocabulary.vxl.extractor.ProjectVocabularyExtractor","372","2011-11-17"
"200","/src/:org.splabs.vocabulary.vxl.extractor.JavaFolderVocabularyExtractor","293","2011-11-17"
"201","/src/:org.splabs.vocabulary.vxl.VocabularyExtractor","280","2011-11-17"
"202","/src/:org.splabs.vocabulary.vxl.extractor.CommentUnit","237","2011-11-17"
"203","/src/:org.splabs.vocabulary.vxl.extractor.ASTVocabularyExtractor","210","2011-11-17"
"204","/tests/:util.VXLHandler","143","2011-11-17"
"205","/src/:org.splabs.vocabulary.vxl.extractor.util.FileUtil","68","2011-11-17"
"211","/tests/:test.JavaFolderTermExtractorTest","883","2011-11-18"
"212","/src/:org.splabs.vocabulary.vxl.extractor.SourceCodeVocabularyExtractor","630","2011-11-18"
"213","/src/:org.splabs.vocabulary.vxl.extractor.LOC","378","2011-11-18"
"214","/src/:org.splabs.vocabulary.vxl.extractor.ProjectVocabularyExtractor","372","2011-11-18"
"215","/src/:org.splabs.vocabulary.vxl.extractor.JavaFolderVocabularyExtractor","293","2011-11-18"
"216","/src/:org.splabs.vocabulary.vxl.VocabularyExtractor","284","2011-11-18"
"217","/src/:org.splabs.vocabulary.vxl.extractor.CommentUnit","237","2011-11-18"
"218","/src/:org.splabs.vocabulary.vxl.extractor.ASTVocabularyExtractor","210","2011-11-18"
"219","/tests/:util.VXLHandler","143","2011-11-18"
"220","/src/:org.splabs.vocabulary.vxl.extractor.util.FileUtil","68","2011-11-18"
"226","/tests/:test.JavaFolderTermExtractorTest","883","2011-11-21"
"227","/src/:org.splabs.vocabulary.vxl.extractor.SourceCodeVocabularyExtractor","630","2011-11-21"
"228","/src/:org.splabs.vocabulary.vxl.extractor.LOC","378","2011-11-21"
"229","/src/:org.splabs.vocabulary.vxl.extractor.ProjectVocabularyExtractor","372","2011-11-21"
"230","/src/:org.splabs.vocabulary.vxl.extractor.JavaFolderVocabularyExtractor","293","2011-11-21"
"231","/src/:org.splabs.vocabulary.vxl.VocabularyExtractor","280","2011-11-21"
"232","/src/:org.splabs.vocabulary.vxl.extractor.CommentUnit","237","2011-11-21"
"233","/src/:org.splabs.vocabulary.vxl.extractor.ASTVocabularyExtractor","210","2011-11-21"
"234","/tests/:util.VXLHandler","143","2011-11-21"
"235","/src/:org.splabs.vocabulary.vxl.extractor.util.FileUtil","68","2011-11-21"
"241","/tests/:test.JavaFolderTermExtractorTest","883","2011-11-22"
"242","/src/:org.splabs.vocabulary.vxl.extractor.SourceCodeVocabularyExtractor","639","2011-11-22"
"243","/src/:org.splabs.vocabulary.vxl.extractor.ProjectVocabularyExtractor","381","2011-11-22"
"244","/src/:org.splabs.vocabulary.vxl.extractor.LOC","378","2011-11-22"
"245","/src/:org.splabs.vocabulary.vxl.VocabularyExtractor","300","2011-11-22"
"246","/src/:org.splabs.vocabulary.vxl.extractor.JavaFolderVocabularyExtractor","296","2011-11-22"
"247","/src/:org.splabs.vocabulary.vxl.extractor.CommentUnit","237","2011-11-22"
"248","/src/:org.splabs.vocabulary.vxl.extractor.ASTVocabularyExtractor","213","2011-11-22"
"249","/tests/:util.VXLHandler","143","2011-11-22"
"250","/src/:org.splabs.vocabulary.vxl.extractor.util.FileUtil","68","2011-11-22"
"256","/tests/:test.JavaFolderTermExtractorTest","883","2011-11-23"
"257","/src/:org.splabs.vocabulary.vxl.extractor.SourceCodeVocabularyExtractor","657","2011-11-23"
"258","/src/:org.splabs.vocabulary.vxl.extractor.LOC","449","2011-11-23"
"259","/src/:org.splabs.vocabulary.vxl.extractor.ProjectVocabularyExtractor","381","2011-11-23"
"260","/src/:org.splabs.vocabulary.vxl.VocabularyExtractor","300","2011-11-23"
"261","/src/:org.splabs.vocabulary.vxl.extractor.JavaFolderVocabularyExtractor","296","2011-11-23"
"262","/src/:org.splabs.vocabulary.vxl.extractor.CommentUnit","237","2011-11-23"
"263","/src/:org.splabs.vocabulary.vxl.extractor.ASTVocabularyExtractor","213","2011-11-23"
"264","/tests/:util.VXLHandler","143","2011-11-23"
"265","/src/:org.splabs.vocabulary.vxl.extractor.util.FileUtil","68","2011-11-23"
"271","/tests/:test.JavaFolderTermExtractorTest","883","2011-12-05"
"272","/src/:org.splabs.vocabulary.vxl.extractor.SourceCodeVocabularyExtractor","680","2011-12-05"
"273","/src/:org.splabs.vocabulary.vxl.extractor.LOC","449","2011-12-05"
"274","/src/:org.splabs.vocabulary.vxl.vloccount.EntityLOCCount","398","2011-12-05"
"275","/src/:org.splabs.vocabulary.vxl.extractor.ProjectVocabularyExtractor","386","2011-12-05"
"276","/src/:org.splabs.vocabulary.vxl.VocabularyExtractor","332","2011-12-05"
"277","/src/:org.splabs.vocabulary.vxl.extractor.JavaFolderVocabularyExtractor","288","2011-12-05"
"278","/src/:org.splabs.vocabulary.vxl.extractor.CommentUnit","237","2011-12-05"
"279","/src/:org.splabs.vocabulary.vxl.extractor.ASTVocabularyExtractor","205","2011-12-05"
"280","/tests/:util.VXLHandler","143","2011-12-05"
"286","/tests/:test.JavaFolderTermExtractorTest","883","2012-01-06"
"287","/src/:org.splabs.vocabulary.vxl.extractor.SourceCodeVocabularyExtractor","684","2012-01-06"
"288","/src/:org.splabs.vocabulary.vxl.extractor.LOC","449","2012-01-06"
"289","/src/:org.splabs.vocabulary.vxl.extractor.ProjectVocabularyExtractor","386","2012-01-06"
"290","/src/:org.splabs.vocabulary.vxl.VocabularyExtractor","332","2012-01-06"
"291","/src/:org.splabs.vocabulary.vxl.extractor.JavaFolderVocabularyExtractor","290","2012-01-06"
"292","/src/:org.splabs.vocabulary.vxl.extractor.CommentUnit","237","2012-01-06"
"293","/src/:org.splabs.vocabulary.vxl.extractor.ASTVocabularyExtractor","205","2012-01-06"
"294","/src/:org.splabs.vocabulary.vxl.vloccount.AnnotationCounter","170","2012-01-06"
"295","/tests/:util.VXLHandler","143","2012-01-06"
"301","/tests/:test.JavaFolderTermExtractorTest","997","2012-01-11"
"302","/src/:org.splabs.vocabulary.vxl.extractor.SourceCodeVocabularyExtractor","680","2012-01-11"
"303","/src/:org.splabs.vocabulary.vxl.extractor.LOC","449","2012-01-11"
"304","/src/:org.splabs.vocabulary.vxl.vloccount.PhysicalLOCCount","447","2012-01-11"
"305","/src/:org.splabs.vocabulary.vxl.extractor.ProjectVocabularyExtractor","386","2012-01-11"
"306","/src/:org.splabs.vocabulary.vxl.vloccount.AnnotationCounter","379","2012-01-11"
"307","/src/:org.splabs.vocabulary.vxl.VocabularyExtractor","332","2012-01-11"
"308","/src/:org.splabs.vocabulary.vxl.extractor.JavaFolderVocabularyExtractor","298","2012-01-11"
"309","/src/:org.splabs.vocabulary.vxl.extractor.CommentUnit","237","2012-01-11"
"310","/src/:org.splabs.vocabulary.vxl.extractor.ASTVocabularyExtractor","197","2012-01-11"
"316","/tests/:test.JavaFolderTermExtractorTest","997","2012-01-16"
"317","/src/:org.splabs.vocabulary.vxl.extractor.SourceCodeVocabularyExtractor","722","2012-01-16"
"318","/src/:org.splabs.vocabulary.vxl.extractor.LOC","449","2012-01-16"
"319","/src/:org.splabs.vocabulary.vxl.vloccount.PhysicalLOCCount","446","2012-01-16"
"320","/src/:org.splabs.vocabulary.vxl.vloccount.AnnotationCounter","392","2012-01-16"
"321","/src/:org.splabs.vocabulary.vxl.extractor.ProjectVocabularyExtractor","386","2012-01-16"
"322","/src/:org.splabs.vocabulary.vxl.VocabularyExtractor","332","2012-01-16"
"323","/src/:org.splabs.vocabulary.vxl.extractor.JavaFolderVocabularyExtractor","298","2012-01-16"
"324","/src/:org.splabs.vocabulary.vxl.extractor.CommentUnit","237","2012-01-16"
"325","/src/:org.splabs.vocabulary.vxl.extractor.ASTVocabularyExtractor","197","2012-01-16"
"331","/tests/:test.JavaFolderTermExtractorTest","997","2012-01-18"
"332","/src/:org.splabs.vocabulary.vxl.extractor.SourceCodeVocabularyExtractor","992","2012-01-18"
"333","/src/:org.splabs.vocabulary.vxl.vloccount.PhysicalLOCCount","446","2012-01-18"
"334","/src/:org.splabs.vocabulary.vxl.vloccount.AnnotationCounter","392","2012-01-18"
"335","/src/:org.splabs.vocabulary.vxl.extractor.ProjectVocabularyExtractor","389","2012-01-18"
"336","/src/:org.splabs.vocabulary.vxl.vloccount.LOCCountPerEntity","380","2012-01-18"
"337","/src/:org.splabs.vocabulary.vxl.VocabularyExtractor","360","2012-01-18"
"338","/src/:org.splabs.vocabulary.vxl.extractor.JavaFolderVocabularyExtractor","307","2012-01-18"
"339","/src/:org.splabs.vocabulary.vxl.extractor.CommentUnit","237","2012-01-18"
"340","/src/:org.splabs.vocabulary.vxl.extractor.ASTVocabularyExtractor","197","2012-01-18"
"346","/tests/:test.JavaFolderTermExtractorTest","997","2012-01-19"
"347","/src/:org.splabs.vocabulary.vxl.extractor.SourceCodeVocabularyExtractor","992","2012-01-19"
"348","/src/:org.splabs.vocabulary.vxl.vloccount.PhysicalLOCCount","446","2012-01-19"
"349","/src/:org.splabs.vocabulary.vxl.vloccount.AnnotationCounter","392","2012-01-19"
"350","/src/:org.splabs.vocabulary.vxl.extractor.ProjectVocabularyExtractor","389","2012-01-19"
"351","/src/:org.splabs.vocabulary.vxl.vloccount.LOCCountPerEntity","380","2012-01-19"
"352","/src/:org.splabs.vocabulary.vxl.VocabularyExtractor","360","2012-01-19"
"353","/tests/:test.AnnotationsTest","340","2012-01-19"
"354","/tests/:test.PhysicalLocTest","317","2012-01-19"
"355","/src/:org.splabs.vocabulary.vxl.extractor.JavaFolderVocabularyExtractor","307","2012-01-19"
"361","/src/test/java/:test.JavaFolderTermExtractorTest","997","2012-01-30"
"362","/src/main/java/:org.splabs.vocabulary.vxl.extractor.SourceCodeVocabularyExtractor","992","2012-01-30"
"363","/src/main/java/:org.splabs.vocabulary.vxl.vloccount.PhysicalLOCCount","446","2012-01-30"
"364","/src/main/java/:org.splabs.vocabulary.vxl.vloccount.AnnotationCounter","392","2012-01-30"
"365","/src/main/java/:org.splabs.vocabulary.vxl.extractor.ProjectVocabularyExtractor","389","2012-01-30"
"366","/src/main/java/:org.splabs.vocabulary.vxl.vloccount.LOCCountPerEntity","380","2012-01-30"
"367","/src/main/java/:org.splabs.vocabulary.vxl.VocabularyExtractor","360","2012-01-30"
"368","/src/main/java/:org.splabs.vocabulary.vxl.extractor.JavaFolderVocabularyExtractor","307","2012-01-30"
"369","/src/main/java/:org.splabs.vocabulary.vxl.extractor.CommentUnit","237","2012-01-30"
"370","/src/main/java/:org.splabs.vocabulary.vxl.extractor.ASTVocabularyExtractor","197","2012-01-30"
"376","/src/test/java/:test.JavaFolderTermExtractorTest","997","2012-02-06"
"377","/src/main/java/:org.splabs.vocabulary.vxl.extractor.SourceCodeVocabularyExtractor","992","2012-02-06"
"378","/src/main/java/:org.splabs.vocabulary.vxl.vloccount.PhysicalLOCCount","446","2012-02-06"
"379","/src/main/java/:org.splabs.vocabulary.vxl.vloccount.AnnotationCounter","392","2012-02-06"
"380","/src/main/java/:org.splabs.vocabulary.vxl.extractor.ProjectVocabularyExtractor","389","2012-02-06"
"381","/src/main/java/:org.splabs.vocabulary.vxl.vloccount.LOCCountPerEntity","380","2012-02-06"
"382","/src/main/java/:org.splabs.vocabulary.vxl.VocabularyExtractor","360","2012-02-06"
"383","/src/main/java/:org.splabs.vocabulary.vxl.extractor.JavaFolderVocabularyExtractor","308","2012-02-06"
"384","/src/main/java/:org.splabs.vocabulary.vxl.extractor.CommentUnit","237","2012-02-06"
"385","/src/main/java/:org.splabs.vocabulary.vxl.extractor.ASTVocabularyExtractor","197","2012-02-06"
"391","/src/test/java/:test.JavaFolderTermExtractorTest","997","2012-02-07"
"392","/src/main/java/:org.splabs.vocabulary.vxl.extractor.SourceCodeVocabularyExtractor","992","2012-02-07"
"393","/src/main/java/:org.splabs.vocabulary.vxl.vloccount.PhysicalLOCCount","446","2012-02-07"
"394","/src/main/java/:org.splabs.vocabulary.vxl.vloccount.AnnotationCounter","392","2012-02-07"
"395","/src/main/java/:org.splabs.vocabulary.vxl.extractor.ProjectVocabularyExtractor","389","2012-02-07"
"396","/src/main/java/:org.splabs.vocabulary.vxl.vloccount.LOCCountPerEntity","380","2012-02-07"
"397","/src/main/java/:org.splabs.vocabulary.vxl.VocabularyExtractor","360","2012-02-07"
"398","/src/main/java/:org.splabs.vocabulary.vxl.extractor.JavaFolderVocabularyExtractor","308","2012-02-07"
"399","/src/main/java/:org.splabs.vocabulary.vxl.extractor.CommentUnit","237","2012-02-07"
"400","/src/main/java/:org.splabs.vocabulary.vxl.extractor.ASTVocabularyExtractor","197","2012-02-07"
"406","/src/test/java/:test.JavaFolderTermExtractorTest","997","2012-02-08"
"407","/src/main/java/:org.splabs.vocabulary.vxl.extractor.SourceCodeVocabularyExtractor","992","2012-02-08"
"408","/src/main/java/:org.splabs.vocabulary.vxl.vloccount.PhysicalLOCCount","458","2012-02-08"
"409","/src/main/java/:org.splabs.vocabulary.vxl.vloccount.AnnotationCounter","392","2012-02-08"
"410","/src/main/java/:org.splabs.vocabulary.vxl.extractor.ProjectVocabularyExtractor","389","2012-02-08"
"411","/src/main/java/:org.splabs.vocabulary.vxl.vloccount.LOCCountPerEntity","380","2012-02-08"
"412","/src/main/java/:org.splabs.vocabulary.vxl.VocabularyExtractor","360","2012-02-08"
"413","/src/main/java/:org.splabs.vocabulary.vxl.extractor.JavaFolderVocabularyExtractor","308","2012-02-08"
"414","/src/main/java/:org.splabs.vocabulary.vxl.extractor.CommentUnit","237","2012-02-08"
"415","/src/main/java/:org.splabs.vocabulary.vxl.extractor.ASTVocabularyExtractor","197","2012-02-08"
"421","/src/test/java/:test.JavaFolderTermExtractorTest","997","2012-02-15"
"422","/src/main/java/:org.splabs.vocabulary.vxl.extractor.SourceCodeVocabularyExtractor","992","2012-02-15"
"423","/src/main/java/:org.splabs.vocabulary.vxl.vloccount.PhysicalLOCCount","462","2012-02-15"
"424","/src/main/java/:org.splabs.vocabulary.vxl.vloccount.AnnotationCounter","392","2012-02-15"
"425","/src/main/java/:org.splabs.vocabulary.vxl.extractor.ProjectVocabularyExtractor","389","2012-02-15"
"426","/src/main/java/:org.splabs.vocabulary.vxl.vloccount.LOCCountPerEntity","380","2012-02-15"
"427","/src/main/java/:org.splabs.vocabulary.vxl.VocabularyExtractor","360","2012-02-15"
"428","/src/main/java/:org.splabs.vocabulary.vxl.extractor.JavaFolderVocabularyExtractor","308","2012-02-15"
"429","/src/main/java/:org.splabs.vocabulary.vxl.extractor.CommentUnit","237","2012-02-15"
"430","/src/main/java/:org.splabs.vocabulary.vxl.extractor.ASTVocabularyExtractor","197","2012-02-15"
"436","/src/test/java/:test.JavaFolderTermExtractorTest","997","2012-03-07"
"437","/src/main/java/:org.splabs.vocabulary.vxl.extractor.SourceCodeVocabularyExtractor","992","2012-03-07"
"438","/src/main/java/:org.splabs.vocabulary.vxl.vloccount.PhysicalLOCCount","462","2012-03-07"
"439","/src/main/java/:org.splabs.vocabulary.vxl.vloccount.AnnotationCounter","402","2012-03-07"
"440","/src/main/java/:org.splabs.vocabulary.vxl.extractor.ProjectVocabularyExtractor","389","2012-03-07"
"441","/src/main/java/:org.splabs.vocabulary.vxl.VocabularyExtractor","360","2012-03-07"
"442","/src/main/java/:org.splabs.vocabulary.vxl.vloccount.LOCCountPerEntity","340","2012-03-07"
"443","/src/test/java/:test.LocPerEntityTest","330","2012-03-07"
"444","/src/main/java/:org.splabs.vocabulary.vxl.extractor.JavaFolderVocabularyExtractor","308","2012-03-07"
"445","/src/main/java/:org.splabs.vocabulary.vxl.extractor.CommentUnit","237","2012-03-07"
"451","/src/test/java/:test.JavaFolderTermExtractorTest","997","2012-03-08"
"452","/src/main/java/:org.splabs.vocabulary.vxl.extractor.SourceCodeVocabularyExtractor","992","2012-03-08"
"453","/src/main/java/:org.splabs.vocabulary.vxl.vloccount.PhysicalLOCCount","462","2012-03-08"
"454","/src/main/java/:org.splabs.vocabulary.vxl.vloccount.AnnotationCounter","402","2012-03-08"
"455","/src/main/java/:org.splabs.vocabulary.vxl.extractor.ProjectVocabularyExtractor","389","2012-03-08"
"456","/src/main/java/:org.splabs.vocabulary.vxl.VocabularyExtractor","360","2012-03-08"
"457","/src/main/java/:org.splabs.vocabulary.vxl.vloccount.LOCCountPerEntity","340","2012-03-08"
"458","/src/test/java/:test.LocPerEntityTest","330","2012-03-08"
"459","/src/main/java/:org.splabs.vocabulary.vxl.extractor.JavaFolderVocabularyExtractor","308","2012-03-08"
"460","/src/main/java/:org.splabs.vocabulary.vxl.extractor.CommentUnit","237","2012-03-08"
"466","/src/test/java/:test.JavaFolderTermExtractorTest","997","2012-06-21"
"467","/src/main/java/:org.splabs.vocabulary.vxl.extractor.SourceCodeVocabularyExtractor","992","2012-06-21"
"468","/src/main/java/:org.splabs.vocabulary.vxl.vloccount.PhysicalLOCCount","465","2012-06-21"
"469","/src/main/java/:org.splabs.vocabulary.vxl.vloccount.AnnotationCounter","402","2012-06-21"
"470","/src/main/java/:org.splabs.vocabulary.vxl.extractor.ProjectVocabularyExtractor","389","2012-06-21"
"471","/src/main/java/:org.splabs.vocabulary.vxl.VocabularyExtractor","360","2012-06-21"
"472","/src/main/java/:org.splabs.vocabulary.vxl.vloccount.LOCCountPerEntity","340","2012-06-21"
"473","/src/test/java/:test.LocPerEntityTest","330","2012-06-21"
"474","/src/main/java/:org.splabs.vocabulary.vxl.extractor.JavaFolderVocabularyExtractor","308","2012-06-21"
"475","/src/main/java/:org.splabs.vocabulary.vxl.extractor.CommentUnit","237","2012-06-21"
"481","/src/main/java/:org.splabs.vocabulary.vxl.extractor.SourceCodeVocabularyExtractor","1140","2012-07-13"
"482","/src/test/java/:test.JavaFolderTermExtractorTest","997","2012-07-13"
"483","/src/main/java/:org.splabs.vocabulary.vxl.vloccount.PhysicalLOCCount","465","2012-07-13"
"484","/src/main/java/:org.splabs.vocabulary.vxl.vloccount.AnnotationCounter","402","2012-07-13"
"485","/src/main/java/:org.splabs.vocabulary.vxl.extractor.ProjectVocabularyExtractor","391","2012-07-13"
"486","/src/main/java/:org.splabs.vocabulary.vxl.VocabularyExtractor","360","2012-07-13"
"487","/src/main/java/:org.splabs.vocabulary.vxl.vloccount.LOCCountPerEntity","340","2012-07-13"
"488","/src/test/java/:test.LocPerEntityTest","330","2012-07-13"
"489","/src/main/java/:org.splabs.vocabulary.vxl.extractor.JavaFolderVocabularyExtractor","308","2012-07-13"
"490","/src/main/java/:org.splabs.vocabulary.vxl.extractor.CommentUnit","237","2012-07-13"
"496","/src/main/java/:org.splabs.vocabulary.vxl.extractor.SourceCodeVocabularyExtractor","1133","2012-07-16"
"497","/src/test/java/:test.JavaFolderTermExtractorTest","997","2012-07-16"
"498","/src/main/java/:org.splabs.vocabulary.vxl.vloccount.PhysicalLOCCount","465","2012-07-16"
"499","/src/main/java/:org.splabs.vocabulary.vxl.vloccount.AnnotationCounter","402","2012-07-16"
"500","/src/main/java/:org.splabs.vocabulary.vxl.extractor.ProjectVocabularyExtractor","391","2012-07-16"
"501","/src/main/java/:org.splabs.vocabulary.vxl.extractor.JavaFolderVocabularyExtractor","380","2012-07-16"
"502","/src/main/java/:org.splabs.vocabulary.vxl.VocabularyExtractor","360","2012-07-16"
"503","/src/main/java/:org.splabs.vocabulary.vxl.vloccount.LOCCountPerEntity","340","2012-07-16"
"504","/src/test/java/:test.LocPerEntityTest","330","2012-07-16"
"505","/src/main/java/:org.splabs.vocabulary.vxl.extractor.CommentUnit","237","2012-07-16"
"511","/src/test/java/:test.JavaFolderTermExtractorTest_2","4996","2012-08-06"
"512","/src/main/java/:org.splabs.vocabulary.vxl.extractor.SourceCodeVocabularyExtractor","1133","2012-08-06"
"513","/src/test/java/:test.JavaFolderTermExtractorTest","997","2012-08-06"
"514","/files/XmlToXsd_2/src/test/java/:test.JavaFolderTermExtractorTest","997","2012-08-06"
"515","/files/XmlToXsd_2/src/main/java/:org.splabs.vocabulary.vxl.extractor.SourceCodeVocabularyExtractor","992","2012-08-06"
"516","/files/XmlToXsd_2/src/main/java/:org.splabs.vocabulary.vxl.vloccount.PhysicalLOCCount","465","2012-08-06"
"517","/src/main/java/:org.splabs.vocabulary.vxl.vloccount.PhysicalLOCCount","465","2012-08-06"
"518","/src/main/java/:org.splabs.vocabulary.vxl.vloccount.AnnotationCounter","402","2012-08-06"
"519","/files/XmlToXsd_2/src/main/java/:org.splabs.vocabulary.vxl.vloccount.AnnotationCounter","402","2012-08-06"
"520","/src/main/java/:org.splabs.vocabulary.vxl.extractor.ProjectVocabularyExtractor","391","2012-08-06"
"526","/src/test/java/:test.JavaFolderTermExtractorTest_2","11849","2012-08-07"
"527","/src/main/java/:org.splabs.vocabulary.vxl.extractor.SourceCodeVocabularyExtractor","1133","2012-08-07"
"528","/src/test/java/:test.JavaFolderTermExtractorTest","997","2012-08-07"
"529","/files/XmlToXsd_2/src/test/java/:test.JavaFolderTermExtractorTest","997","2012-08-07"
"530","/files/XmlToXsd_2/src/main/java/:org.splabs.vocabulary.vxl.extractor.SourceCodeVocabularyExtractor","992","2012-08-07"
"531","/files/XmlToXsd_2/src/main/java/:org.splabs.vocabulary.vxl.vloccount.PhysicalLOCCount","465","2012-08-07"
"532","/src/main/java/:org.splabs.vocabulary.vxl.vloccount.PhysicalLOCCount","465","2012-08-07"
"533","/src/main/java/:org.splabs.vocabulary.vxl.vloccount.AnnotationCounter","402","2012-08-07"
"534","/files/XmlToXsd_2/src/main/java/:org.splabs.vocabulary.vxl.vloccount.AnnotationCounter","402","2012-08-07"
"535","/src/main/java/:org.splabs.vocabulary.vxl.extractor.ProjectVocabularyExtractor","391","2012-08-07"
"541","/src/test/java/:test.JavaFolderTermExtractorTest_2","15529","2012-08-09"
"542","/src/main/java/:org.splabs.vocabulary.vxl.extractor.SourceCodeVocabularyExtractor","1133","2012-08-09"
"543","/src/test/java/:test.JavaFolderTermExtractorTest","997","2012-08-09"
"544","/files/XmlToXsd_2/src/test/java/:test.JavaFolderTermExtractorTest","997","2012-08-09"
"545","/files/XmlToXsd_2/src/main/java/:org.splabs.vocabulary.vxl.extractor.SourceCodeVocabularyExtractor","992","2012-08-09"
"546","/files/XmlToXsd_2/src/main/java/:org.splabs.vocabulary.vxl.vloccount.PhysicalLOCCount","465","2012-08-09"
"547","/src/main/java/:org.splabs.vocabulary.vxl.vloccount.PhysicalLOCCount","465","2012-08-09"
"548","/src/main/java/:org.splabs.vocabulary.vxl.vloccount.AnnotationCounter","402","2012-08-09"
"549","/files/XmlToXsd_2/src/main/java/:org.splabs.vocabulary.vxl.vloccount.AnnotationCounter","402","2012-08-09"
"550","/src/main/java/:org.splabs.vocabulary.vxl.extractor.ProjectVocabularyExtractor","391","2012-08-09"
"556","/src/test/java/:test.JavaFolderTermExtractorTest_2","15529","2012-08-13"
"557","/src/main/java/:org.splabs.vocabulary.vxl.extractor.SourceCodeVocabularyExtractor","1145","2012-08-13"
"558","/src/test/java/:test.JavaFolderTermExtractorTest","997","2012-08-13"
"559","/files/XmlToXsd_2/src/test/java/:test.JavaFolderTermExtractorTest","997","2012-08-13"
"560","/files/XmlToXsd_2/src/main/java/:org.splabs.vocabulary.vxl.extractor.SourceCodeVocabularyExtractor","992","2012-08-13"
"561","/files/XmlToXsd_2/src/main/java/:org.splabs.vocabulary.vxl.vloccount.PhysicalLOCCount","465","2012-08-13"
"562","/src/main/java/:org.splabs.vocabulary.vxl.vloccount.PhysicalLOCCount","465","2012-08-13"
"563","/src/main/java/:org.splabs.vocabulary.vxl.vloccount.AnnotationCounter","402","2012-08-13"
"564","/files/XmlToXsd_2/src/main/java/:org.splabs.vocabulary.vxl.vloccount.AnnotationCounter","402","2012-08-13"
"565","/files/XmlToXsd_2/src/main/java/:org.splabs.vocabulary.vxl.extractor.ProjectVocabularyExtractor","389","2012-08-13"
"571","/src/test/java/:test.JavaFolderTermExtractorTest_2","15529","2012-08-14"
"572","/src/main/java/:org.splabs.vocabulary.vxl.extractor.SourceCodeVocabularyExtractor","1145","2012-08-14"
"573","/src/test/java/:test.JavaFolderTermExtractorTest","997","2012-08-14"
"574","/files/XmlToXsd_2/src/test/java/:test.JavaFolderTermExtractorTest","997","2012-08-14"
"575","/files/XmlToXsd_2/src/main/java/:org.splabs.vocabulary.vxl.extractor.SourceCodeVocabularyExtractor","992","2012-08-14"
"576","/files/XmlToXsd_2/src/main/java/:org.splabs.vocabulary.vxl.vloccount.PhysicalLOCCount","465","2012-08-14"
"577","/src/main/java/:org.splabs.vocabulary.vxl.vloccount.PhysicalLOCCount","465","2012-08-14"
"578","/src/main/java/:org.splabs.vocabulary.vxl.vloccount.AnnotationCounter","402","2012-08-14"
"579","/files/XmlToXsd_2/src/main/java/:org.splabs.vocabulary.vxl.vloccount.AnnotationCounter","402","2012-08-14"
"580","/files/XmlToXsd_2/src/main/java/:org.splabs.vocabulary.vxl.extractor.ProjectVocabularyExtractor","389","2012-08-14"
"586","/src/test/java/:test.JavaFolderTermExtractorTest_2","15529","2012-08-16"
"587","/src/main/java/:org.splabs.vocabulary.vxl.extractor.SourceCodeVocabularyExtractor","1145","2012-08-16"
"588","/src/test/java/:test.JavaFolderTermExtractorTest","997","2012-08-16"
"589","/files/XmlToXsd_2/src/test/java/:test.JavaFolderTermExtractorTest","997","2012-08-16"
"590","/files/XmlToXsd_2/src/main/java/:org.splabs.vocabulary.vxl.extractor.SourceCodeVocabularyExtractor","992","2012-08-16"
"591","/files/XmlToXsd_2/src/main/java/:org.splabs.vocabulary.vxl.vloccount.PhysicalLOCCount","465","2012-08-16"
"592","/src/main/java/:org.splabs.vocabulary.vxl.vloccount.PhysicalLOCCount","465","2012-08-16"
"593","/src/main/java/:org.splabs.vocabulary.vxl.vloccount.AnnotationCounter","402","2012-08-16"
"594","/files/XmlToXsd_2/src/main/java/:org.splabs.vocabulary.vxl.vloccount.AnnotationCounter","402","2012-08-16"
"595","/files/XmlToXsd_2/src/main/java/:org.splabs.vocabulary.vxl.extractor.ProjectVocabularyExtractor","389","2012-08-16"
"601","/src/test/java/:test.JavaFolderTermExtractorTest_2","15529","2012-08-17"
"602","/src/main/java/:org.splabs.vocabulary.vxl.extractor.SourceCodeVocabularyExtractor","1145","2012-08-17"
"603","/src/test/java/:test.JavaFolderTermExtractorTest","1022","2012-08-17"
"604","/files/XmlToXsd_2/src/test/java/:test.JavaFolderTermExtractorTest","997","2012-08-17"
"605","/files/XmlToXsd_2/src/main/java/:org.splabs.vocabulary.vxl.extractor.SourceCodeVocabularyExtractor","992","2012-08-17"
"606","/files/XmlToXsd_2/src/main/java/:org.splabs.vocabulary.vxl.vloccount.PhysicalLOCCount","465","2012-08-17"
"607","/src/main/java/:org.splabs.vocabulary.vxl.vloccount.PhysicalLOCCount","465","2012-08-17"
"608","/src/main/java/:org.splabs.vocabulary.vxl.VocabularyExtractor","412","2012-08-17"
"609","/src/main/java/:org.splabs.vocabulary.vxl.vloccount.AnnotationCounter","402","2012-08-17"
"610","/files/XmlToXsd_2/src/main/java/:org.splabs.vocabulary.vxl.vloccount.AnnotationCounter","402","2012-08-17"
"616","/src/test/java/:test.JavaFolderTermExtractorTest_2","16271","2012-08-19"
"617","/src/main/java/:org.splabs.vocabulary.vxl.extractor.SourceCodeVocabularyExtractor","1145","2012-08-19"
"618","/src/test/java/:test.JavaFolderTermExtractorTest","1022","2012-08-19"
"619","/files/XmlToXsd_2/src/test/java/:test.JavaFolderTermExtractorTest","997","2012-08-19"
"620","/files/XmlToXsd_2/src/main/java/:org.splabs.vocabulary.vxl.extractor.SourceCodeVocabularyExtractor","992","2012-08-19"
"621","/files/XmlToXsd_2/src/main/java/:org.splabs.vocabulary.vxl.vloccount.PhysicalLOCCount","465","2012-08-19"
"622","/src/main/java/:org.splabs.vocabulary.vxl.vloccount.PhysicalLOCCount","465","2012-08-19"
"623","/src/main/java/:org.splabs.vocabulary.vxl.VocabularyExtractor","412","2012-08-19"
"624","/src/main/java/:org.splabs.vocabulary.vxl.vloccount.AnnotationCounter","402","2012-08-19"
"625","/files/XmlToXsd_2/src/main/java/:org.splabs.vocabulary.vxl.vloccount.AnnotationCounter","402","2012-08-19"
"631","/src/test/java/:test.JavaFolderTermExtractorTest_2","16271","2012-10-08"
"632","/src/test/java/:test.JavaFolderTermExtractorTest","1022","2012-10-08"
"633","/files/XmlToXsd_2/src/test/java/:test.JavaFolderTermExtractorTest","997","2012-10-08"
"634","/files/XmlToXsd_2/src/main/java/:org.splabs.vocabulary.vxl.extractor.SourceCodeVocabularyExtractor","992","2012-10-08"
"635","/files/XmlToXsd_2/src/main/java/:org.splabs.vocabulary.vxl.vloccount.PhysicalLOCCount","465","2012-10-08"
"636","/src/main/java/:org.splabs.vocabulary.vxl.vloccount.PhysicalLOCCount","465","2012-10-08"
"637","/files/XmlToXsd_2/src/main/java/:org.splabs.vocabulary.vxl.vloccount.AnnotationCounter","402","2012-10-08"
"638","/src/main/java/:org.splabs.vocabulary.vxl.vloccount.AnnotationCounter","402","2012-10-08"
"639","/files/XmlToXsd_2/src/main/java/:org.splabs.vocabulary.vxl.extractor.ProjectVocabularyExtractor","389","2012-10-08"
"640","/files/XmlToXsd_2/src/main/java/:org.splabs.vocabulary.vxl.VocabularyExtractor","360","2012-10-08"
"646","/src/test/java/:test.JavaFolderTermExtractorTest_2","16283","2012-10-15"
"647","/src/test/java/:test.JavaFolderTermExtractorTest","1022","2012-10-15"
"648","/files/XmlToXsd_2/src/test/java/:test.JavaFolderTermExtractorTest","997","2012-10-15"
"649","/files/XmlToXsd_2/src/main/java/:org.splabs.vocabulary.vxl.extractor.SourceCodeVocabularyExtractor","992","2012-10-15"
"650","/files/XmlToXsd_2/src/main/java/:org.splabs.vocabulary.vxl.vloccount.PhysicalLOCCount","465","2012-10-15"
"651","/src/main/java/:org.splabs.vocabulary.vxl.vloccount.PhysicalLOCCount","465","2012-10-15"
"652","/files/XmlToXsd_2/src/main/java/:org.splabs.vocabulary.vxl.vloccount.AnnotationCounter","402","2012-10-15"
"653","/src/main/java/:org.splabs.vocabulary.vxl.vloccount.AnnotationCounter","402","2012-10-15"
"654","/files/XmlToXsd_2/src/main/java/:org.splabs.vocabulary.vxl.extractor.ProjectVocabularyExtractor","389","2012-10-15"
"655","/files/XmlToXsd_2/src/main/java/:org.splabs.vocabulary.vxl.VocabularyExtractor","360","2012-10-15"
"661","/src/test/java/:test.JavaFolderTermExtractorTest_2","16283","2012-10-24"
"662","/src/test/java/:test.JavaFolderTermExtractorTest","1022","2012-10-24"
"663","/files/XmlToXsd_2/src/test/java/:test.JavaFolderTermExtractorTest","997","2012-10-24"
"664","/files/XmlToXsd_2/src/main/java/:org.splabs.vocabulary.vxl.extractor.SourceCodeVocabularyExtractor","992","2012-10-24"
"665","/src/main/java/:org.splabs.vocabulary.vxl.processors.BodyProcessor","604","2012-10-24"
"666","/files/XmlToXsd_2/src/main/java/:org.splabs.vocabulary.vxl.vloccount.PhysicalLOCCount","465","2012-10-24"
"667","/src/main/java/:org.splabs.vocabulary.vxl.vloccount.PhysicalLOCCount","465","2012-10-24"
"668","/files/XmlToXsd_2/src/main/java/:org.splabs.vocabulary.vxl.vloccount.AnnotationCounter","402","2012-10-24"
"669","/src/main/java/:org.splabs.vocabulary.vxl.vloccount.AnnotationCounter","402","2012-10-24"
"670","/src/main/java/:org.splabs.vocabulary.vxl.processors.ExpressionProcessor","395","2012-10-24"
"676","/src/test/java/:test.JavaFolderTermExtractorTest_2","16283","2012-10-25"
"677","/src/test/java/:test.JavaFolderTermExtractorTest","1022","2012-10-25"
"678","/src/main/java/:org.splabs.vocabulary.vxl.processors.ExpressionProcessor","1011","2012-10-25"
"679","/files/XmlToXsd_2/src/test/java/:test.JavaFolderTermExtractorTest","997","2012-10-25"
"680","/files/XmlToXsd_2/src/main/java/:org.splabs.vocabulary.vxl.extractor.SourceCodeVocabularyExtractor","992","2012-10-25"
"681","/src/main/java/:org.splabs.vocabulary.vxl.processors.BodyProcessor","892","2012-10-25"
"682","/files/XmlToXsd_2/src/main/java/:org.splabs.vocabulary.vxl.vloccount.PhysicalLOCCount","465","2012-10-25"
"683","/src/main/java/:org.splabs.vocabulary.vxl.vloccount.PhysicalLOCCount","465","2012-10-25"
"684","/files/XmlToXsd_2/src/main/java/:org.splabs.vocabulary.vxl.vloccount.AnnotationCounter","402","2012-10-25"
"685","/src/main/java/:org.splabs.vocabulary.vxl.vloccount.AnnotationCounter","402","2012-10-25"
"691","/src/test/java/:test.JavaFolderTermExtractorTest_2","16283","2012-10-29"
"692","/src/test/java/:test.JavaFolderTermExtractorTest","1022","2012-10-29"
"693","/files/XmlToXsd_2/src/test/java/:test.JavaFolderTermExtractorTest","997","2012-10-29"
"694","/files/XmlToXsd_2/src/main/java/:org.splabs.vocabulary.vxl.extractor.SourceCodeVocabularyExtractor","992","2012-10-29"
"695","/src/main/java/:org.splabs.vocabulary.vxl.processors.ExpressionProcessor","943","2012-10-29"
"696","/src/main/java/:org.splabs.vocabulary.vxl.processors.BodyProcessor","852","2012-10-29"
"697","/files/XmlToXsd_2/src/main/java/:org.splabs.vocabulary.vxl.vloccount.PhysicalLOCCount","465","2012-10-29"
"698","/src/main/java/:org.splabs.vocabulary.vxl.vloccount.PhysicalLOCCount","465","2012-10-29"
"699","/files/XmlToXsd_2/src/main/java/:org.splabs.vocabulary.vxl.vloccount.AnnotationCounter","402","2012-10-29"
"700","/src/main/java/:org.splabs.vocabulary.vxl.vloccount.AnnotationCounter","402","2012-10-29"
"706","/src/test/java/:test.JavaFolderTermExtractorTest_2","16283","2012-11-07"
"707","/src/test/java/:test.JavaFolderTermExtractorTest","1022","2012-11-07"
"708","/files/XmlToXsd_2/src/test/java/:test.JavaFolderTermExtractorTest","997","2012-11-07"
"709","/files/XmlToXsd_2/src/main/java/:org.splabs.vocabulary.vxl.extractor.SourceCodeVocabularyExtractor","992","2012-11-07"
"710","/src/main/java/:org.splabs.vocabulary.vxl.processors.ExpressionProcessor","943","2012-11-07"
"711","/src/main/java/:org.splabs.vocabulary.vxl.processors.BodyProcessor","852","2012-11-07"
"712","/files/XmlToXsd_2/src/main/java/:org.splabs.vocabulary.vxl.vloccount.PhysicalLOCCount","465","2012-11-07"
"713","/src/main/java/:org.splabs.vocabulary.vxl.vloccount.PhysicalLOCCount","465","2012-11-07"
"714","/files/XmlToXsd_2/src/main/java/:org.splabs.vocabulary.vxl.vloccount.AnnotationCounter","402","2012-11-07"
"715","/src/main/java/:org.splabs.vocabulary.vxl.vloccount.AnnotationCounter","402","2012-11-07"
"721","/src/test/java/:test.JavaFolderTermExtractorTest_2","16283","2012-11-08"
"722","/src/test/java/:test.JavaFolderTermExtractorTest","1009","2012-11-08"
"723","/files/XmlToXsd_2/src/test/java/:test.JavaFolderTermExtractorTest","997","2012-11-08"
"724","/files/XmlToXsd_2/src/main/java/:org.splabs.vocabulary.vxl.extractor.SourceCodeVocabularyExtractor","992","2012-11-08"
"725","/src/main/java/:org.splabs.vocabulary.vxl.processors.ExpressionProcessor","943","2012-11-08"
"726","/src/main/java/:org.splabs.vocabulary.vxl.processors.BodyProcessor","852","2012-11-08"
"727","/files/XmlToXsd_2/src/main/java/:org.splabs.vocabulary.vxl.vloccount.PhysicalLOCCount","465","2012-11-08"
"728","/src/main/java/:org.splabs.vocabulary.vxl.vloccount.PhysicalLOCCount","465","2012-11-08"
"729","/src/main/java/:org.splabs.vocabulary.vxl.vloccount.AnnotationCounter","402","2012-11-08"
"730","/files/XmlToXsd_2/src/main/java/:org.splabs.vocabulary.vxl.vloccount.AnnotationCounter","402","2012-11-08"
"736","/src/test/java/:test.JavaFolderTermExtractorTest_2","16283","2012-11-09"
"737","/files/XmlToXsd_2/src/test/java/:test.JavaFolderTermExtractorTest","997","2012-11-09"
"738","/files/XmlToXsd_2/src/main/java/:org.splabs.vocabulary.vxl.extractor.SourceCodeVocabularyExtractor","992","2012-11-09"
"739","/src/test/java/:test.JavaFolderTermExtractorTest","979","2012-11-09"
"740","/src/main/java/:org.splabs.vocabulary.vxl.processors.ExpressionProcessor","943","2012-11-09"
"741","/src/main/java/:org.splabs.vocabulary.vxl.processors.BodyProcessor","852","2012-11-09"
"742","/files/XmlToXsd_2/src/main/java/:org.splabs.vocabulary.vxl.vloccount.PhysicalLOCCount","465","2012-11-09"
"743","/src/main/java/:org.splabs.vocabulary.vxl.vloccount.PhysicalLOCCount","465","2012-11-09"
"744","/src/main/java/:org.splabs.vocabulary.vxl.vloccount.AnnotationCounter","402","2012-11-09"
"745","/files/XmlToXsd_2/src/main/java/:org.splabs.vocabulary.vxl.vloccount.AnnotationCounter","402","2012-11-09"
"751","/src/test/java/:test.JavaFolderTermExtractorTest_2","16281","2012-11-13"
"752","/files/XmlToXsd_2/src/test/java/:test.JavaFolderTermExtractorTest","997","2012-11-13"
"753","/files/XmlToXsd_2/src/main/java/:org.splabs.vocabulary.vxl.extractor.SourceCodeVocabularyExtractor","992","2012-11-13"
"754","/src/test/java/:test.JavaFolderTermExtractorTest","979","2012-11-13"
"755","/src/main/java/:org.splabs.vocabulary.vxl.processors.ExpressionProcessor","940","2012-11-13"
"756","/src/main/java/:org.splabs.vocabulary.vxl.processors.BodyProcessor","825","2012-11-13"
"757","/files/XmlToXsd_2/src/main/java/:org.splabs.vocabulary.vxl.vloccount.PhysicalLOCCount","465","2012-11-13"
"758","/src/main/java/:org.splabs.vocabulary.vxl.vloccount.PhysicalLOCCount","465","2012-11-13"
"759","/src/main/java/:org.splabs.vocabulary.vxl.vloccount.AnnotationCounter","402","2012-11-13"
"760","/files/XmlToXsd_2/src/main/java/:org.splabs.vocabulary.vxl.vloccount.AnnotationCounter","402","2012-11-13"
"766","/src/test/java/:test.JavaFolderTermExtractorTest_2","16281","2012-11-22"
"767","/files/XmlToXsd_2/src/test/java/:test.JavaFolderTermExtractorTest","997","2012-11-22"
"768","/files/XmlToXsd_2/src/main/java/:org.splabs.vocabulary.vxl.extractor.SourceCodeVocabularyExtractor","992","2012-11-22"
"769","/src/test/java/:test.JavaFolderTermExtractorTest","979","2012-11-22"
"770","/src/main/java/:org.splabs.vocabulary.vxl.processors.ExpressionProcessor","940","2012-11-22"
"771","/src/main/java/:org.splabs.vocabulary.vxl.processors.BodyProcessor","825","2012-11-22"
"772","/files/XmlToXsd_2/src/main/java/:org.splabs.vocabulary.vxl.vloccount.PhysicalLOCCount","465","2012-11-22"
"773","/src/main/java/:org.splabs.vocabulary.vxl.vloccount.PhysicalLOCCount","465","2012-11-22"
"774","/src/main/java/:org.splabs.vocabulary.vxl.vloccount.AnnotationCounter","402","2012-11-22"
"775","/files/XmlToXsd_2/src/main/java/:org.splabs.vocabulary.vxl.vloccount.AnnotationCounter","402","2012-11-22"
"781","/src/test/java/:test.JavaFolderTermExtractorTest_2","16281","2012-11-23"
"782","/files/XmlToXsd_2/src/test/java/:test.JavaFolderTermExtractorTest","997","2012-11-23"
"783","/files/XmlToXsd_2/src/main/java/:org.splabs.vocabulary.vxl.extractor.SourceCodeVocabularyExtractor","992","2012-11-23"
"784","/src/test/java/:test.JavaFolderTermExtractorTest","979","2012-11-23"
"785","/src/main/java/:org.splabs.vocabulary.vxl.processors.BodyProcessor","893","2012-11-23"
"786","/src/main/java/:org.splabs.vocabulary.vxl.processors.ExpressionProcessor","871","2012-11-23"
"787","/src/main/java/:org.splabs.vocabulary.vxl.vloccount.PhysicalLOCCount","465","2012-11-23"
"788","/files/XmlToXsd_2/src/main/java/:org.splabs.vocabulary.vxl.vloccount.PhysicalLOCCount","465","2012-11-23"
"789","/src/main/java/:org.splabs.vocabulary.vxl.vloccount.AnnotationCounter","402","2012-11-23"
"790","/files/XmlToXsd_2/src/main/java/:org.splabs.vocabulary.vxl.vloccount.AnnotationCounter","402","2012-11-23"
"796","/src/test/java/:test.JavaFolderTermExtractorTest_2","16281","2012-11-26"
"797","/files/XmlToXsd_2/src/test/java/:test.JavaFolderTermExtractorTest","997","2012-11-26"
"798","/files/XmlToXsd_2/src/main/java/:org.splabs.vocabulary.vxl.extractor.SourceCodeVocabularyExtractor","992","2012-11-26"
"799","/src/test/java/:test.JavaFolderTermExtractorTest","979","2012-11-26"
"800","/src/main/java/:org.splabs.vocabulary.vxl.processors.BodyProcessor","893","2012-11-26"
"801","/src/main/java/:org.splabs.vocabulary.vxl.processors.ExpressionProcessor","871","2012-11-26"
"802","/src/main/java/:org.splabs.vocabulary.vxl.vloccount.PhysicalLOCCount","465","2012-11-26"
"803","/files/XmlToXsd_2/src/main/java/:org.splabs.vocabulary.vxl.vloccount.PhysicalLOCCount","465","2012-11-26"
"804","/src/main/java/:org.splabs.vocabulary.vxl.vloccount.AnnotationCounter","402","2012-11-26"
"805","/files/XmlToXsd_2/src/main/java/:org.splabs.vocabulary.vxl.vloccount.AnnotationCounter","402","2012-11-26"
"811","/src/test/java/:test.JavaFolderTermExtractorTest_2","16281","2012-11-30"
"812","/files/XmlToXsd_2/src/test/java/:test.JavaFolderTermExtractorTest","997","2012-11-30"
"813","/files/XmlToXsd_2/src/main/java/:org.splabs.vocabulary.vxl.extractor.SourceCodeVocabularyExtractor","992","2012-11-30"
"814","/src/test/java/:test.JavaFolderTermExtractorTest","979","2012-11-30"
"815","/src/main/java/:org.splabs.vocabulary.vxl.processors.BodyProcessor","893","2012-11-30"
"816","/src/main/java/:org.splabs.vocabulary.vxl.processors.ExpressionProcessor","887","2012-11-30"
"817","/src/main/java/:org.splabs.vocabulary.vxl.vloccount.PhysicalLOCCount","465","2012-11-30"
"818","/files/XmlToXsd_2/src/main/java/:org.splabs.vocabulary.vxl.vloccount.PhysicalLOCCount","465","2012-11-30"
"819","/src/main/java/:org.splabs.vocabulary.vxl.vloccount.AnnotationCounter","402","2012-11-30"
"820","/files/XmlToXsd_2/src/main/java/:org.splabs.vocabulary.vxl.vloccount.AnnotationCounter","402","2012-11-30"
"826","/src/test/java/:test.JavaFolderTermExtractorTest_2","16281","2012-12-03"
"827","/files/XmlToXsd_2/src/test/java/:test.JavaFolderTermExtractorTest","997","2012-12-03"
"828","/files/XmlToXsd_2/src/main/java/:org.splabs.vocabulary.vxl.extractor.SourceCodeVocabularyExtractor","992","2012-12-03"
"829","/src/test/java/:test.JavaFolderTermExtractorTest","979","2012-12-03"
"830","/src/main/java/:org.splabs.vocabulary.vxl.processors.BodyProcessor","893","2012-12-03"
"831","/src/main/java/:org.splabs.vocabulary.vxl.processors.ExpressionProcessor","887","2012-12-03"
"832","/src/main/java/:org.splabs.vocabulary.vxl.vloccount.PhysicalLOCCount","465","2012-12-03"
"833","/files/XmlToXsd_2/src/main/java/:org.splabs.vocabulary.vxl.vloccount.PhysicalLOCCount","465","2012-12-03"
"834","/src/main/java/:org.splabs.vocabulary.vxl.vloccount.AnnotationCounter","402","2012-12-03"
"835","/files/XmlToXsd_2/src/main/java/:org.splabs.vocabulary.vxl.vloccount.AnnotationCounter","402","2012-12-03"
"841","/src/test/java/:test.JavaFolderTermExtractorTest_2","16281","2013-03-21"
"842","/files/XmlToXsd_2/src/test/java/:test.JavaFolderTermExtractorTest","997","2013-03-21"
"843","/files/XmlToXsd_2/src/main/java/:org.splabs.vocabulary.vxl.extractor.SourceCodeVocabularyExtractor","992","2013-03-21"
"844","/src/test/java/:test.JavaFolderTermExtractorTest","979","2013-03-21"
"845","/src/main/java/:org.splabs.vocabulary.vxl.processors.BodyProcessor","893","2013-03-21"
"846","/src/main/java/:org.splabs.vocabulary.vxl.processors.ExpressionProcessor","887","2013-03-21"
"847","/src/main/java/:org.splabs.vocabulary.vxl.vloccount.PhysicalLOCCount","465","2013-03-21"
"848","/files/XmlToXsd_2/src/main/java/:org.splabs.vocabulary.vxl.vloccount.PhysicalLOCCount","465","2013-03-21"
"849","/src/main/java/:org.splabs.vocabulary.vxl.vloccount.AnnotationCounter","402","2013-03-21"
"850","/files/XmlToXsd_2/src/main/java/:org.splabs.vocabulary.vxl.vloccount.AnnotationCounter","402","2013-03-21"
"856","/src/test/java/:test.JavaFolderTermExtractorTest_2","16235","2013-06-01"
"857","/files/XmlToXsd_2/src/test/java/:test.JavaFolderTermExtractorTest","997","2013-06-01"
"858","/files/XmlToXsd_2/src/main/java/:org.splabs.vocabulary.vxl.extractor.SourceCodeVocabularyExtractor","992","2013-06-01"
"859","/src/test/java/:test.JavaFolderTermExtractorTest","991","2013-06-01"
"860","/src/main/java/:org.splabs.vocabulary.vxl.processors.BodyProcessor","893","2013-06-01"
"861","/src/main/java/:org.splabs.vocabulary.vxl.processors.ExpressionProcessor","887","2013-06-01"
"862","/src/main/java/:org.splabs.vocabulary.vxl.vloccount.PhysicalLOCCount","465","2013-06-01"
"863","/files/XmlToXsd_2/src/main/java/:org.splabs.vocabulary.vxl.vloccount.PhysicalLOCCount","465","2013-06-01"
"864","/src/main/java/:org.splabs.vocabulary.vxl.vloccount.AnnotationCounter","402","2013-06-01"
"865","/files/XmlToXsd_2/src/main/java/:org.splabs.vocabulary.vxl.vloccount.AnnotationCounter","402","2013-06-01"
"871","/src/test/java/:test.JavaFolderTermExtractorTest_2","11589","2013-06-05"
"872","/files/XmlToXsd_2/src/test/java/:test.JavaFolderTermExtractorTest","997","2013-06-05"
"873","/files/XmlToXsd_2/src/main/java/:org.splabs.vocabulary.vxl.extractor.SourceCodeVocabularyExtractor","992","2013-06-05"
"874","/src/test/java/:test.JavaFolderTermExtractorTest","976","2013-06-05"
"875","/src/main/java/:org.splabs.vocabulary.vxl.processors.BodyProcessor","893","2013-06-05"
"876","/src/main/java/:org.splabs.vocabulary.vxl.processors.ExpressionProcessor","887","2013-06-05"
"877","/src/main/java/:org.splabs.vocabulary.vxl.vloccount.PhysicalLOCCount","465","2013-06-05"
"878","/files/XmlToXsd_2/src/main/java/:org.splabs.vocabulary.vxl.vloccount.PhysicalLOCCount","465","2013-06-05"
"879","/src/main/java/:org.splabs.vocabulary.vxl.vloccount.AnnotationCounter","402","2013-06-05"
"880","/files/XmlToXsd_2/src/main/java/:org.splabs.vocabulary.vxl.vloccount.AnnotationCounter","402","2013-06-05"
"886","/src/test/java/:test.JavaFolderTermExtractorTest_2","11589","2013-06-07"
"887","/files/XmlToXsd_2/src/test/java/:test.JavaFolderTermExtractorTest","997","2013-06-07"
"888","/files/XmlToXsd_2/src/main/java/:org.splabs.vocabulary.vxl.extractor.SourceCodeVocabularyExtractor","992","2013-06-07"
"889","/src/test/java/:test.JavaFolderTermExtractorTest","976","2013-06-07"
"890","/src/main/java/:org.splabs.vocabulary.vxl.processors.BodyProcessor","893","2013-06-07"
"891","/src/main/java/:org.splabs.vocabulary.vxl.processors.ExpressionProcessor","887","2013-06-07"
"892","/src/main/java/:org.splabs.vocabulary.vxl.vloccount.PhysicalLOCCount","465","2013-06-07"
"893","/files/XmlToXsd_2/src/main/java/:org.splabs.vocabulary.vxl.vloccount.PhysicalLOCCount","465","2013-06-07"
"894","/src/main/java/:org.splabs.vocabulary.vxl.vloccount.AnnotationCounter","402","2013-06-07"
"895","/files/XmlToXsd_2/src/main/java/:org.splabs.vocabulary.vxl.vloccount.AnnotationCounter","402","2013-06-07"
"901","/src/test/java/:test.JavaFolderTermExtractorTest_2","11589","2013-06-10"
"902","/files/XmlToXsd_2/src/test/java/:test.JavaFolderTermExtractorTest","997","2013-06-10"
"903","/files/XmlToXsd_2/src/main/java/:org.splabs.vocabulary.vxl.extractor.SourceCodeVocabularyExtractor","992","2013-06-10"
"904","/src/test/java/:test.JavaFolderTermExtractorTest","976","2013-06-10"
"905","/src/main/java/:org.splabs.vocabulary.vxl.processors.BodyProcessor","893","2013-06-10"
"906","/src/main/java/:org.splabs.vocabulary.vxl.processors.ExpressionProcessor","887","2013-06-10"
"907","/src/main/java/:org.splabs.vocabulary.vxl.vloccount.PhysicalLOCCount","465","2013-06-10"
"908","/files/XmlToXsd_2/src/main/java/:org.splabs.vocabulary.vxl.vloccount.PhysicalLOCCount","465","2013-06-10"
"909","/src/main/java/:org.splabs.vocabulary.vxl.vloccount.AnnotationCounter","402","2013-06-10"
"910","/files/XmlToXsd_2/src/main/java/:org.splabs.vocabulary.vxl.vloccount.AnnotationCounter","402","2013-06-10"
"916","/src/test/java/:test.JavaFolderTermExtractorTest_2","11589","2013-12-17"
"917","/files/XmlToXsd_2/src/test/java/:test.JavaFolderTermExtractorTest","997","2013-12-17"
"918","/files/XmlToXsd_2/src/main/java/:org.splabs.vocabulary.vxl.extractor.SourceCodeVocabularyExtractor","992","2013-12-17"
"919","/src/test/java/:test.JavaFolderTermExtractorTest","976","2013-12-17"
"920","/src/main/java/:org.splab.vocabulary.extractor.processors.BodyProcessor","893","2013-12-17"
"921","/src/main/java/:org.splab.vocabulary.extractor.processors.ExpressionProcessor","887","2013-12-17"
"922","/src/main/java/:org.splab.vocabulary.extractor.vloccount.PhysicalLOCCount","465","2013-12-17"
"923","/files/XmlToXsd_2/src/main/java/:org.splabs.vocabulary.vxl.vloccount.PhysicalLOCCount","465","2013-12-17"
"924","/src/main/java/:org.splab.vocabulary.extractor.vloccount.AnnotationCounter","402","2013-12-17"
"925","/files/XmlToXsd_2/src/main/java/:org.splabs.vocabulary.vxl.vloccount.AnnotationCounter","402","2013-12-17"
"931","/src/test/java/:test.JavaFolderTermExtractorTest_2","11589","2014-01-25"
"932","/files/XmlToXsd_2/src/test/java/:test.JavaFolderTermExtractorTest","997","2014-01-25"
"933","/files/XmlToXsd_2/src/main/java/:org.splabs.vocabulary.vxl.extractor.SourceCodeVocabularyExtractor","992","2014-01-25"
"934","/src/test/java/:test.JavaFolderTermExtractorTest","976","2014-01-25"
"935","/src/main/java/:org.splab.vocabulary.extractor.processors.BodyProcessor","893","2014-01-25"
"936","/src/main/java/:org.splab.vocabulary.extractor.processors.ExpressionProcessor","887","2014-01-25"
"937","/src/main/java/:org.splab.vocabulary.extractor.vloccount.PhysicalLOCCount","465","2014-01-25"
"938","/files/XmlToXsd_2/src/main/java/:org.splabs.vocabulary.vxl.vloccount.PhysicalLOCCount","465","2014-01-25"
"939","/src/main/java/:org.splab.vocabulary.extractor.vloccount.AnnotationCounter","402","2014-01-25"
"940","/files/XmlToXsd_2/src/main/java/:org.splabs.vocabulary.vxl.vloccount.AnnotationCounter","402","2014-01-25"
"946","/src/test/java/:test.JavaFolderTermExtractorTest_2","12227","2014-01-30"
"947","/src/test/java/:test.JavaFolderTermExtractorTest","1089","2014-01-30"
"948","/files/XmlToXsd_2/src/test/java/:test.JavaFolderTermExtractorTest","997","2014-01-30"
"949","/files/XmlToXsd_2/src/main/java/:org.splabs.vocabulary.vxl.extractor.SourceCodeVocabularyExtractor","992","2014-01-30"
"950","/src/main/java/:org.splab.vocabulary.extractor.processors.BodyProcessor","893","2014-01-30"
"951","/src/main/java/:org.splab.vocabulary.extractor.processors.ExpressionProcessor","887","2014-01-30"
"952","/src/main/java/:org.splab.vocabulary.extractor.util.VxlManager","642","2014-01-30"
"953","/files/XmlToXsd_2/src/main/java/:org.splabs.vocabulary.vxl.vloccount.PhysicalLOCCount","465","2014-01-30"
"954","/src/main/java/:org.splab.vocabulary.extractor.vloccount.PhysicalLOCCount","465","2014-01-30"
"955","/files/XmlToXsd_2/src/main/java/:org.splabs.vocabulary.vxl.vloccount.AnnotationCounter","402","2014-01-30"
"961","/src/test/java/:test.JavaFolderTermExtractorTest_2","11589","2014-02-06"
"962","/files/XmlToXsd_2/src/test/java/:test.JavaFolderTermExtractorTest","997","2014-02-06"
"963","/files/XmlToXsd_2/src/main/java/:org.splabs.vocabulary.vxl.extractor.SourceCodeVocabularyExtractor","992","2014-02-06"
"964","/src/test/java/:test.JavaFolderTermExtractorTest","976","2014-02-06"
"965","/src/main/java/:org.splab.vocabulary.extractor.processors.BodyProcessor","893","2014-02-06"
"966","/src/main/java/:org.splab.vocabulary.extractor.processors.ExpressionProcessor","887","2014-02-06"
"967","/src/main/java/:org.splab.vocabulary.extractor.util.VxlManager","642","2014-02-06"
"968","/files/XmlToXsd_2/src/main/java/:org.splabs.vocabulary.vxl.vloccount.PhysicalLOCCount","465","2014-02-06"
"969","/src/main/java/:org.splab.vocabulary.extractor.vloccount.PhysicalLOCCount","465","2014-02-06"
"970","/files/XmlToXsd_2/src/main/java/:org.splabs.vocabulary.vxl.vloccount.AnnotationCounter","402","2014-02-06"
"976","/src/test/java/:test.JavaFolderTermExtractorTest_2","11589","2014-07-16"
"977","/files/XmlToXsd_2/src/test/java/:test.JavaFolderTermExtractorTest","997","2014-07-16"
"978","/files/XmlToXsd_2/src/main/java/:org.splabs.vocabulary.vxl.extractor.SourceCodeVocabularyExtractor","992","2014-07-16"
"979","/src/test/java/:test.JavaFolderTermExtractorTest","976","2014-07-16"
"980","/src/main/java/:org.splab.vocabulary.extractor.processors.BodyProcessor","893","2014-07-16"
"981","/src/main/java/:org.splab.vocabulary.extractor.processors.ExpressionProcessor","887","2014-07-16"
"982","/src/main/java/:org.splab.vocabulary.extractor.util.VxlManager","642","2014-07-16"
"983","/files/XmlToXsd_2/src/main/java/:org.splabs.vocabulary.vxl.vloccount.PhysicalLOCCount","465","2014-07-16"
"984","/src/main/java/:org.splab.vocabulary.extractor.vloccount.PhysicalLOCCount","465","2014-07-16"
"985","/files/XmlToXsd_2/src/main/java/:org.splabs.vocabulary.vxl.vloccount.AnnotationCounter","402","2014-07-16"
"991","/src/test/java/:test.JavaFolderTermExtractorTest_2","11589","2015-03-09"
"992","/files/XmlToXsd_2/src/test/java/:test.JavaFolderTermExtractorTest","997","2015-03-09"
"993","/files/XmlToXsd_2/src/main/java/:org.splabs.vocabulary.vxl.extractor.SourceCodeVocabularyExtractor","992","2015-03-09"
"994","/src/test/java/:test.JavaFolderTermExtractorTest","976","2015-03-09"
"995","/src/main/java/:org.splab.vocabulary.extractor.processors.BodyProcessor","893","2015-03-09"
"996","/src/main/java/:org.splab.vocabulary.extractor.processors.ExpressionProcessor","887","2015-03-09"
"997","/src/main/java/:org.splab.vocabulary.extractor.util.VxlManager","642","2015-03-09"
"998","/files/XmlToXsd_2/src/main/java/:org.splabs.vocabulary.vxl.vloccount.PhysicalLOCCount","465","2015-03-09"
"999","/src/main/java/:org.splab.vocabulary.extractor.vloccount.PhysicalLOCCount","465","2015-03-09"
"1000","/files/XmlToXsd_2/src/main/java/:org.splabs.vocabulary.vxl.vloccount.AnnotationCounter","402","2015-03-09"
"1006","/src/test/java/:test.JavaFolderTermExtractorTest_2","11589","2016-09-20"
"1007","/files/XmlToXsd_2/src/test/java/:test.JavaFolderTermExtractorTest","997","2016-09-20"
"1008","/files/XmlToXsd_2/src/main/java/:org.splabs.vocabulary.vxl.extractor.SourceCodeVocabularyExtractor","992","2016-09-20"
"1009","/src/test/java/:test.JavaFolderTermExtractorTest","976","2016-09-20"
"1010","/src/main/java/:org.splab.vocabulary.extractor.processors.BodyProcessor","893","2016-09-20"
"1011","/src/main/java/:org.splab.vocabulary.extractor.processors.ExpressionProcessor","887","2016-09-20"
"1012","/src/main/java/:org.splab.vocabulary.extractor.util.VxlManager","642","2016-09-20"
"1013","/files/XmlToXsd_2/src/main/java/:org.splabs.vocabulary.vxl.vloccount.PhysicalLOCCount","465","2016-09-20"
"1014","/src/main/java/:org.splab.vocabulary.extractor.vloccount.PhysicalLOCCount","465","2016-09-20"
"1015","/files/XmlToXsd_2/src/main/java/:org.splabs.vocabulary.vxl.vloccount.AnnotationCounter","402","2016-09-20"
