"1","url","62","2009-06-11"
"2","github","41","2009-06-11"
"3","project","28","2009-06-11"
"4","annot","19","2009-06-11"
"5","text","18","2009-06-11"
"6","get","17","2009-06-11"
"7","link","16","2009-06-11"
"8","com","14","2009-06-11"
"9","base","13","2009-06-11"
"10","pattern","12","2009-06-11"
"16","url","62","2009-06-15"
"17","github","41","2009-06-15"
"18","project","28","2009-06-15"
"19","annot","19","2009-06-15"
"20","text","18","2009-06-15"
"21","get","17","2009-06-15"
"22","link","16","2009-06-15"
"23","com","14","2009-06-15"
"24","base","13","2009-06-15"
"25","pattern","12","2009-06-15"
"31","url","62","2009-06-20"
"32","github","41","2009-06-20"
"33","project","28","2009-06-20"
"34","annot","19","2009-06-20"
"35","text","18","2009-06-20"
"36","get","17","2009-06-20"
"37","link","16","2009-06-20"
"38","com","14","2009-06-20"
"39","base","13","2009-06-20"
"40","pattern","12","2009-06-20"
"46","url","62","2009-06-23"
"47","github","41","2009-06-23"
"48","project","28","2009-06-23"
"49","annot","19","2009-06-23"
"50","text","18","2009-06-23"
"51","get","17","2009-06-23"
"52","link","16","2009-06-23"
"53","com","14","2009-06-23"
"54","base","13","2009-06-23"
"55","pattern","12","2009-06-23"
"61","url","62","2009-06-25"
"62","github","40","2009-06-25"
"63","project","28","2009-06-25"
"64","annot","19","2009-06-25"
"65","text","18","2009-06-25"
"66","get","17","2009-06-25"
"67","link","16","2009-06-25"
"68","com","14","2009-06-25"
"69","base","13","2009-06-25"
"70","pattern","12","2009-06-25"
"76","url","62","2009-06-27"
"77","github","40","2009-06-27"
"78","project","28","2009-06-27"
"79","annot","19","2009-06-27"
"80","text","18","2009-06-27"
"81","get","17","2009-06-27"
"82","link","16","2009-06-27"
"83","com","14","2009-06-27"
"84","base","13","2009-06-27"
"85","pattern","12","2009-06-27"
"91","url","62","2009-07-03"
"92","github","40","2009-07-03"
"93","project","28","2009-07-03"
"94","annot","19","2009-07-03"
"95","text","18","2009-07-03"
"96","get","17","2009-07-03"
"97","link","16","2009-07-03"
"98","com","14","2009-07-03"
"99","base","13","2009-07-03"
"100","pattern","12","2009-07-03"
"106","url","62","2009-07-11"
"107","github","40","2009-07-11"
"108","project","28","2009-07-11"
"109","annot","19","2009-07-11"
"110","text","18","2009-07-11"
"111","get","17","2009-07-11"
"112","link","16","2009-07-11"
"113","com","14","2009-07-11"
"114","base","13","2009-07-11"
"115","pattern","12","2009-07-11"
"121","url","62","2009-07-18"
"122","github","40","2009-07-18"
"123","project","28","2009-07-18"
"124","annot","19","2009-07-18"
"125","text","18","2009-07-18"
"126","get","17","2009-07-18"
"127","link","16","2009-07-18"
"128","com","14","2009-07-18"
"129","base","13","2009-07-18"
"130","pattern","12","2009-07-18"
"136","url","62","2009-07-24"
"137","github","40","2009-07-24"
"138","project","28","2009-07-24"
"139","annot","19","2009-07-24"
"140","text","18","2009-07-24"
"141","get","17","2009-07-24"
"142","link","16","2009-07-24"
"143","com","14","2009-07-24"
"144","base","13","2009-07-24"
"145","pattern","12","2009-07-24"
"151","url","62","2009-08-01"
"152","github","40","2009-08-01"
"153","project","28","2009-08-01"
"154","annot","19","2009-08-01"
"155","text","18","2009-08-01"
"156","get","17","2009-08-01"
"157","link","16","2009-08-01"
"158","com","14","2009-08-01"
"159","base","13","2009-08-01"
"160","pattern","12","2009-08-01"
"166","url","62","2009-10-13"
"167","github","40","2009-10-13"
"168","project","28","2009-10-13"
"169","annot","19","2009-10-13"
"170","text","18","2009-10-13"
"171","get","17","2009-10-13"
"172","link","16","2009-10-13"
"173","com","13","2009-10-13"
"174","base","13","2009-10-13"
"175","pattern","12","2009-10-13"
"181","url","62","2011-02-14"
"182","github","40","2011-02-14"
"183","project","28","2011-02-14"
"184","annot","19","2011-02-14"
"185","text","18","2011-02-14"
"186","get","17","2011-02-14"
"187","link","16","2011-02-14"
"188","com","13","2011-02-14"
"189","base","13","2011-02-14"
"190","pattern","12","2011-02-14"
"196","url","62","2011-06-03"
"197","github","38","2011-06-03"
"198","project","28","2011-06-03"
"199","annot","19","2011-06-03"
"200","text","18","2011-06-03"
"201","get","17","2011-06-03"
"202","link","16","2011-06-03"
"203","com","13","2011-06-03"
"204","base","13","2011-06-03"
"205","pattern","12","2011-06-03"
"211","url","83","2011-06-09"
"212","get","69","2011-06-09"
"213","github","45","2011-06-09"
"214","name","45","2011-06-09"
"215","project","32","2011-06-09"
"216","git","28","2011-06-09"
"217","hook","26","2011-06-09"
"218","hub","26","2011-06-09"
"219","text","20","2011-06-09"
"220","kohsuk","20","2011-06-09"
"226","url","83","2011-06-10"
"227","get","69","2011-06-10"
"228","github","45","2011-06-10"
"229","name","45","2011-06-10"
"230","project","32","2011-06-10"
"231","git","28","2011-06-10"
"232","hook","26","2011-06-10"
"233","hub","26","2011-06-10"
"234","text","20","2011-06-10"
"235","kohsuk","20","2011-06-10"
"241","url","83","2011-07-18"
"242","get","69","2011-07-18"
"243","github","45","2011-07-18"
"244","name","45","2011-07-18"
"245","project","32","2011-07-18"
"246","git","28","2011-07-18"
"247","hook","26","2011-07-18"
"248","hub","26","2011-07-18"
"249","text","20","2011-07-18"
"250","kohsuk","20","2011-07-18"
"256","url","83","2011-07-21"
"257","get","69","2011-07-21"
"258","github","45","2011-07-21"
"259","name","45","2011-07-21"
"260","project","32","2011-07-21"
"261","git","28","2011-07-21"
"262","hook","26","2011-07-21"
"263","hub","26","2011-07-21"
"264","text","20","2011-07-21"
"265","kohsuk","20","2011-07-21"
"271","url","83","2011-08-27"
"272","get","69","2011-08-27"
"273","github","45","2011-08-27"
"274","name","45","2011-08-27"
"275","project","32","2011-08-27"
"276","git","28","2011-08-27"
"277","hook","26","2011-08-27"
"278","hub","26","2011-08-27"
"279","text","20","2011-08-27"
"280","kohsuk","20","2011-08-27"
"286","url","86","2011-11-01"
"287","get","66","2011-11-01"
"288","github","46","2011-11-01"
"289","name","38","2011-11-01"
"290","project","32","2011-11-01"
"291","git","28","2011-11-01"
"292","hub","26","2011-11-01"
"293","hook","26","2011-11-01"
"294","kohsuk","20","2011-11-01"
"295","text","20","2011-11-01"
"301","url","95","2011-11-04"
"302","get","69","2011-11-04"
"303","git","55","2011-11-04"
"304","name","54","2011-11-04"
"305","github","52","2011-11-04"
"306","hub","39","2011-11-04"
"307","assert","34","2011-11-04"
"308","equal","34","2011-11-04"
"309","project","32","2011-11-04"
"310","repository","30","2011-11-04"
"316","url","95","2011-11-07"
"317","get","69","2011-11-07"
"318","git","55","2011-11-07"
"319","name","54","2011-11-07"
"320","github","52","2011-11-07"
"321","hub","39","2011-11-07"
"322","assert","34","2011-11-07"
"323","equal","34","2011-11-07"
"324","project","32","2011-11-07"
"325","repository","30","2011-11-07"
"331","url","95","2012-01-04"
"332","get","69","2012-01-04"
"333","git","55","2012-01-04"
"334","name","54","2012-01-04"
"335","github","52","2012-01-04"
"336","hub","39","2012-01-04"
"337","assert","34","2012-01-04"
"338","equal","34","2012-01-04"
"339","project","32","2012-01-04"
"340","repository","30","2012-01-04"
"346","url","95","2012-01-07"
"347","get","73","2012-01-07"
"348","git","55","2012-01-07"
"349","name","54","2012-01-07"
"350","github","52","2012-01-07"
"351","hub","39","2012-01-07"
"352","assert","34","2012-01-07"
"353","equal","34","2012-01-07"
"354","project","32","2012-01-07"
"355","repository","30","2012-01-07"
"361","url","95","2012-01-10"
"362","get","73","2012-01-10"
"363","git","55","2012-01-10"
"364","name","54","2012-01-10"
"365","github","52","2012-01-10"
"366","hub","39","2012-01-10"
"367","assert","34","2012-01-10"
"368","equal","34","2012-01-10"
"369","project","32","2012-01-10"
"370","repository","30","2012-01-10"
"376","url","95","2012-01-11"
"377","get","73","2012-01-11"
"378","git","55","2012-01-11"
"379","name","54","2012-01-11"
"380","github","52","2012-01-11"
"381","hub","39","2012-01-11"
"382","assert","34","2012-01-11"
"383","equal","34","2012-01-11"
"384","project","32","2012-01-11"
"385","repository","30","2012-01-11"
"391","url","95","2012-01-20"
"392","get","73","2012-01-20"
"393","git","55","2012-01-20"
"394","name","54","2012-01-20"
"395","github","52","2012-01-20"
"396","hub","39","2012-01-20"
"397","assert","34","2012-01-20"
"398","equal","34","2012-01-20"
"399","project","32","2012-01-20"
"400","repository","30","2012-01-20"
"406","url","95","2012-01-23"
"407","get","73","2012-01-23"
"408","git","55","2012-01-23"
"409","name","54","2012-01-23"
"410","github","52","2012-01-23"
"411","hub","39","2012-01-23"
"412","assert","34","2012-01-23"
"413","equal","34","2012-01-23"
"414","project","32","2012-01-23"
"415","repository","30","2012-01-23"
"421","url","95","2012-01-26"
"422","get","73","2012-01-26"
"423","git","55","2012-01-26"
"424","name","54","2012-01-26"
"425","github","52","2012-01-26"
"426","hub","39","2012-01-26"
"427","assert","34","2012-01-26"
"428","equal","34","2012-01-26"
"429","project","32","2012-01-26"
"430","repository","30","2012-01-26"
"436","url","95","2012-02-04"
"437","get","73","2012-02-04"
"438","git","55","2012-02-04"
"439","name","54","2012-02-04"
"440","github","52","2012-02-04"
"441","hub","39","2012-02-04"
"442","assert","34","2012-02-04"
"443","equal","34","2012-02-04"
"444","project","32","2012-02-04"
"445","repository","30","2012-02-04"
"451","url","95","2012-02-07"
"452","get","78","2012-02-07"
"453","git","55","2012-02-07"
"454","name","54","2012-02-07"
"455","github","52","2012-02-07"
"456","hub","39","2012-02-07"
"457","assert","34","2012-02-07"
"458","equal","34","2012-02-07"
"459","project","32","2012-02-07"
"460","repository","30","2012-02-07"
"466","url","95","2012-02-08"
"467","get","78","2012-02-08"
"468","git","55","2012-02-08"
"469","name","54","2012-02-08"
"470","github","52","2012-02-08"
"471","hub","39","2012-02-08"
"472","assert","34","2012-02-08"
"473","equal","34","2012-02-08"
"474","project","32","2012-02-08"
"475","repository","30","2012-02-08"
"481","url","96","2012-02-09"
"482","get","78","2012-02-09"
"483","git","58","2012-02-09"
"484","name","55","2012-02-09"
"485","github","54","2012-02-09"
"486","hub","41","2012-02-09"
"487","assert","38","2012-02-09"
"488","equal","37","2012-02-09"
"489","project","32","2012-02-09"
"490","repository","31","2012-02-09"
"496","url","102","2012-02-11"
"497","get","93","2012-02-11"
"498","name","61","2012-02-11"
"499","git","60","2012-02-11"
"500","github","54","2012-02-11"
"501","assert","45","2012-02-11"
"502","hub","43","2012-02-11"
"503","equal","41","2012-02-11"
"504","hook","34","2012-02-11"
"505","project","32","2012-02-11"
"511","url","102","2012-03-08"
"512","get","94","2012-03-08"
"513","git","64","2012-03-08"
"514","name","61","2012-03-08"
"515","github","55","2012-03-08"
"516","hub","47","2012-03-08"
"517","assert","45","2012-03-08"
"518","equal","41","2012-03-08"
"519","hook","34","2012-03-08"
"520","project","32","2012-03-08"
"526","url","102","2012-03-13"
"527","get","94","2012-03-13"
"528","git","64","2012-03-13"
"529","name","61","2012-03-13"
"530","github","55","2012-03-13"
"531","hub","47","2012-03-13"
"532","assert","45","2012-03-13"
"533","equal","41","2012-03-13"
"534","hook","34","2012-03-13"
"535","project","32","2012-03-13"
"541","url","108","2012-03-23"
"542","get","94","2012-03-23"
"543","git","64","2012-03-23"
"544","name","62","2012-03-23"
"545","github","56","2012-03-23"
"546","hub","47","2012-03-23"
"547","assert","45","2012-03-23"
"548","hook","42","2012-03-23"
"549","equal","41","2012-03-23"
"550","project","32","2012-03-23"
"556","url","108","2012-03-26"
"557","get","94","2012-03-26"
"558","git","64","2012-03-26"
"559","name","62","2012-03-26"
"560","github","56","2012-03-26"
"561","hub","47","2012-03-26"
"562","assert","45","2012-03-26"
"563","hook","42","2012-03-26"
"564","equal","41","2012-03-26"
"565","project","32","2012-03-26"
"571","url","108","2012-03-27"
"572","get","94","2012-03-27"
"573","git","64","2012-03-27"
"574","name","62","2012-03-27"
"575","github","56","2012-03-27"
"576","hub","47","2012-03-27"
"577","assert","45","2012-03-27"
"578","hook","42","2012-03-27"
"579","equal","41","2012-03-27"
"580","project","32","2012-03-27"
"586","url","102","2012-04-06"
"587","get","94","2012-04-06"
"588","git","64","2012-04-06"
"589","name","61","2012-04-06"
"590","github","55","2012-04-06"
"591","hub","47","2012-04-06"
"592","assert","45","2012-04-06"
"593","equal","41","2012-04-06"
"594","hook","34","2012-04-06"
"595","project","32","2012-04-06"
"601","url","102","2012-04-09"
"602","get","94","2012-04-09"
"603","git","64","2012-04-09"
"604","name","61","2012-04-09"
"605","github","55","2012-04-09"
"606","hub","47","2012-04-09"
"607","assert","45","2012-04-09"
"608","equal","41","2012-04-09"
"609","hook","34","2012-04-09"
"610","project","32","2012-04-09"
"616","url","102","2012-04-14"
"617","get","94","2012-04-14"
"618","git","64","2012-04-14"
"619","name","61","2012-04-14"
"620","github","55","2012-04-14"
"621","hub","47","2012-04-14"
"622","assert","45","2012-04-14"
"623","equal","41","2012-04-14"
"624","hook","34","2012-04-14"
"625","project","32","2012-04-14"
"631","url","102","2012-04-17"
"632","get","94","2012-04-17"
"633","git","64","2012-04-17"
"634","name","61","2012-04-17"
"635","github","55","2012-04-17"
"636","hub","47","2012-04-17"
"637","assert","45","2012-04-17"
"638","equal","41","2012-04-17"
"639","hook","34","2012-04-17"
"640","project","32","2012-04-17"
"646","url","102","2012-04-18"
"647","get","94","2012-04-18"
"648","git","64","2012-04-18"
"649","name","61","2012-04-18"
"650","github","55","2012-04-18"
"651","hub","47","2012-04-18"
"652","assert","45","2012-04-18"
"653","equal","41","2012-04-18"
"654","hook","34","2012-04-18"
"655","project","32","2012-04-18"
"661","url","102","2012-04-22"
"662","get","94","2012-04-22"
"663","git","64","2012-04-22"
"664","name","61","2012-04-22"
"665","github","55","2012-04-22"
"666","hub","47","2012-04-22"
"667","assert","45","2012-04-22"
"668","equal","41","2012-04-22"
"669","hook","34","2012-04-22"
"670","project","32","2012-04-22"
"676","url","108","2012-05-31"
"677","get","103","2012-05-31"
"678","name","70","2012-05-31"
"679","git","65","2012-05-31"
"680","github","56","2012-05-31"
"681","hub","48","2012-05-31"
"682","equal","47","2012-05-31"
"683","assert","45","2012-05-31"
"684","repository","45","2012-05-31"
"685","hook","45","2012-05-31"
"691","url","108","2012-06-12"
"692","get","103","2012-06-12"
"693","name","70","2012-06-12"
"694","git","65","2012-06-12"
"695","github","56","2012-06-12"
"696","hub","48","2012-06-12"
"697","equal","47","2012-06-12"
"698","assert","45","2012-06-12"
"699","repository","45","2012-06-12"
"700","hook","45","2012-06-12"
"706","url","108","2012-06-13"
"707","get","103","2012-06-13"
"708","name","70","2012-06-13"
"709","git","65","2012-06-13"
"710","github","56","2012-06-13"
"711","hub","48","2012-06-13"
"712","equal","47","2012-06-13"
"713","assert","45","2012-06-13"
"714","repository","45","2012-06-13"
"715","hook","45","2012-06-13"
"721","url","108","2012-07-06"
"722","get","103","2012-07-06"
"723","name","70","2012-07-06"
"724","git","65","2012-07-06"
"725","github","56","2012-07-06"
"726","hub","48","2012-07-06"
"727","equal","47","2012-07-06"
"728","assert","45","2012-07-06"
"729","repository","45","2012-07-06"
"730","hook","45","2012-07-06"
"736","url","108","2012-08-15"
"737","get","102","2012-08-15"
"738","name","73","2012-08-15"
"739","git","68","2012-08-15"
"740","github","56","2012-08-15"
"741","hub","51","2012-08-15"
"742","equal","47","2012-08-15"
"743","repository","45","2012-08-15"
"744","hook","45","2012-08-15"
"745","assert","45","2012-08-15"
"751","url","108","2012-09-20"
"752","get","102","2012-09-20"
"753","name","73","2012-09-20"
"754","git","69","2012-09-20"
"755","github","56","2012-09-20"
"756","hub","52","2012-09-20"
"757","equal","47","2012-09-20"
"758","repository","45","2012-09-20"
"759","hook","45","2012-09-20"
"760","assert","45","2012-09-20"
"766","get","110","2012-10-22"
"767","url","108","2012-10-22"
"768","name","74","2012-10-22"
"769","git","70","2012-10-22"
"770","github","57","2012-10-22"
"771","hub","53","2012-10-22"
"772","equal","47","2012-10-22"
"773","repository","45","2012-10-22"
"774","hook","45","2012-10-22"
"775","assert","45","2012-10-22"
"781","url","108","2012-11-15"
"782","get","102","2012-11-15"
"783","name","73","2012-11-15"
"784","git","68","2012-11-15"
"785","github","56","2012-11-15"
"786","hub","51","2012-11-15"
"787","equal","47","2012-11-15"
"788","repository","45","2012-11-15"
"789","hook","45","2012-11-15"
"790","assert","45","2012-11-15"
"796","url","108","2012-11-23"
"797","get","102","2012-11-23"
"798","name","73","2012-11-23"
"799","git","68","2012-11-23"
"800","github","56","2012-11-23"
"801","hub","51","2012-11-23"
"802","equal","47","2012-11-23"
"803","repository","45","2012-11-23"
"804","hook","45","2012-11-23"
"805","assert","45","2012-11-23"
"811","url","108","2012-12-10"
"812","get","102","2012-12-10"
"813","name","73","2012-12-10"
"814","git","68","2012-12-10"
"815","github","56","2012-12-10"
"816","hub","51","2012-12-10"
"817","equal","47","2012-12-10"
"818","repository","45","2012-12-10"
"819","hook","45","2012-12-10"
"820","assert","45","2012-12-10"
"826","url","116","2013-01-06"
"827","get","102","2013-01-06"
"828","git","74","2013-01-06"
"829","name","73","2013-01-06"
"830","hub","57","2013-01-06"
"831","github","56","2013-01-06"
"832","equal","47","2013-01-06"
"833","repository","45","2013-01-06"
"834","assert","45","2013-01-06"
"835","hook","45","2013-01-06"
"841","url","116","2013-01-07"
"842","get","102","2013-01-07"
"843","git","74","2013-01-07"
"844","name","73","2013-01-07"
"845","hub","57","2013-01-07"
"846","github","56","2013-01-07"
"847","equal","47","2013-01-07"
"848","repository","45","2013-01-07"
"849","assert","45","2013-01-07"
"850","hook","45","2013-01-07"
"856","url","116","2013-01-15"
"857","get","102","2013-01-15"
"858","git","74","2013-01-15"
"859","name","73","2013-01-15"
"860","hub","57","2013-01-15"
"861","github","56","2013-01-15"
"862","equal","47","2013-01-15"
"863","repository","45","2013-01-15"
"864","assert","45","2013-01-15"
"865","hook","45","2013-01-15"
"871","url","116","2013-01-17"
"872","get","110","2013-01-17"
"873","git","76","2013-01-17"
"874","name","74","2013-01-17"
"875","hub","59","2013-01-17"
"876","github","57","2013-01-17"
"877","equal","47","2013-01-17"
"878","repository","45","2013-01-17"
"879","hook","45","2013-01-17"
"880","assert","45","2013-01-17"
"886","url","116","2013-01-23"
"887","get","109","2013-01-23"
"888","git","77","2013-01-23"
"889","name","74","2013-01-23"
"890","hub","60","2013-01-23"
"891","github","56","2013-01-23"
"892","equal","47","2013-01-23"
"893","repository","45","2013-01-23"
"894","hook","45","2013-01-23"
"895","assert","45","2013-01-23"
"901","url","116","2013-01-30"
"902","get","109","2013-01-30"
"903","git","77","2013-01-30"
"904","name","74","2013-01-30"
"905","hub","60","2013-01-30"
"906","github","56","2013-01-30"
"907","equal","47","2013-01-30"
"908","repository","45","2013-01-30"
"909","hook","45","2013-01-30"
"910","assert","45","2013-01-30"
"916","url","124","2013-02-15"
"917","get","106","2013-02-15"
"918","git","97","2013-02-15"
"919","name","76","2013-02-15"
"920","assert","73","2013-02-15"
"921","hub","72","2013-02-15"
"922","equal","68","2013-02-15"
"923","github","64","2013-02-15"
"924","repository","49","2013-02-15"
"925","hook","45","2013-02-15"
"931","url","141","2013-02-20"
"932","get","106","2013-02-20"
"933","git","84","2013-02-20"
"934","github","64","2013-02-20"
"935","name","63","2013-02-20"
"936","hub","59","2013-02-20"
"937","hook","45","2013-02-20"
"938","com","43","2013-02-20"
"939","repository","38","2013-02-20"
"940","jenkin","35","2013-02-20"
"946","url","116","2013-04-20"
"947","get","109","2013-04-20"
"948","git","77","2013-04-20"
"949","name","74","2013-04-20"
"950","hub","60","2013-04-20"
"951","github","56","2013-04-20"
"952","equal","47","2013-04-20"
"953","hook","45","2013-04-20"
"954","assert","45","2013-04-20"
"955","repository","45","2013-04-20"
"961","url","116","2013-05-07"
"962","get","109","2013-05-07"
"963","git","78","2013-05-07"
"964","name","74","2013-05-07"
"965","hub","61","2013-05-07"
"966","github","56","2013-05-07"
"967","equal","47","2013-05-07"
"968","repository","45","2013-05-07"
"969","hook","45","2013-05-07"
"970","assert","45","2013-05-07"
"976","url","116","2013-05-08"
"977","get","109","2013-05-08"
"978","git","78","2013-05-08"
"979","name","74","2013-05-08"
"980","hub","61","2013-05-08"
"981","github","56","2013-05-08"
"982","equal","47","2013-05-08"
"983","repository","45","2013-05-08"
"984","hook","45","2013-05-08"
"985","assert","45","2013-05-08"
"991","url","133","2013-05-15"
"992","git","119","2013-05-15"
"993","assert","107","2013-05-15"
"994","get","106","2013-05-15"
"995","equal","92","2013-05-15"
"996","hub","86","2013-05-15"
"997","name","86","2013-05-15"
"998","github","75","2013-05-15"
"999","repo","61","2013-05-15"
"1000","repository","59","2013-05-15"
"1006","url","116","2013-05-26"
"1007","get","109","2013-05-26"
"1008","git","78","2013-05-26"
"1009","name","74","2013-05-26"
"1010","hub","61","2013-05-26"
"1011","github","56","2013-05-26"
"1012","equal","47","2013-05-26"
"1013","repository","45","2013-05-26"
"1014","hook","45","2013-05-26"
"1015","assert","45","2013-05-26"
"1021","url","116","2013-06-11"
"1022","get","109","2013-06-11"
"1023","git","78","2013-06-11"
"1024","name","74","2013-06-11"
"1025","hub","61","2013-06-11"
"1026","github","56","2013-06-11"
"1027","equal","47","2013-06-11"
"1028","repository","45","2013-06-11"
"1029","hook","45","2013-06-11"
"1030","assert","45","2013-06-11"
"1036","url","116","2013-06-21"
"1037","get","109","2013-06-21"
"1038","git","77","2013-06-21"
"1039","name","74","2013-06-21"
"1040","hub","60","2013-06-21"
"1041","github","56","2013-06-21"
"1042","equal","47","2013-06-21"
"1043","hook","45","2013-06-21"
"1044","assert","45","2013-06-21"
"1045","repository","45","2013-06-21"
"1051","url","150","2013-07-07"
"1052","git","119","2013-07-07"
"1053","get","106","2013-07-07"
"1054","name","92","2013-07-07"
"1055","hub","86","2013-07-07"
"1056","github","75","2013-07-07"
"1057","com","59","2013-07-07"
"1058","repository","56","2013-07-07"
"1059","assert","55","2013-07-07"
"1060","jenkin","54","2013-07-07"
"1066","url","150","2013-07-12"
"1067","git","119","2013-07-12"
"1068","get","106","2013-07-12"
"1069","name","92","2013-07-12"
"1070","hub","86","2013-07-12"
"1071","github","74","2013-07-12"
"1072","com","58","2013-07-12"
"1073","repository","56","2013-07-12"
"1074","assert","55","2013-07-12"
"1075","jenkin","54","2013-07-12"
"1081","url","152","2013-08-27"
"1082","git","119","2013-08-27"
"1083","get","106","2013-08-27"
"1084","name","95","2013-08-27"
"1085","hub","86","2013-08-27"
"1086","github","75","2013-08-27"
"1087","repository","62","2013-08-27"
"1088","com","59","2013-08-27"
"1089","assert","55","2013-08-27"
"1090","jenkin","54","2013-08-27"
"1096","url","152","2013-10-24"
"1097","git","120","2013-10-24"
"1098","get","109","2013-10-24"
"1099","name","95","2013-10-24"
"1100","hub","87","2013-10-24"
"1101","github","74","2013-10-24"
"1102","repository","62","2013-10-24"
"1103","com","59","2013-10-24"
"1104","assert","55","2013-10-24"
"1105","equal","54","2013-10-24"
"1111","url","153","2013-10-25"
"1112","git","119","2013-10-25"
"1113","get","106","2013-10-25"
"1114","name","95","2013-10-25"
"1115","hub","86","2013-10-25"
"1116","github","76","2013-10-25"
"1117","repository","62","2013-10-25"
"1118","com","59","2013-10-25"
"1119","assert","55","2013-10-25"
"1120","jenkin","54","2013-10-25"
"1126","url","152","2014-01-27"
"1127","git","119","2014-01-27"
"1128","get","106","2014-01-27"
"1129","name","95","2014-01-27"
"1130","hub","86","2014-01-27"
"1131","github","75","2014-01-27"
"1132","repository","62","2014-01-27"
"1133","com","59","2014-01-27"
"1134","assert","55","2014-01-27"
"1135","jenkin","54","2014-01-27"
"1141","url","152","2014-03-15"
"1142","git","120","2014-03-15"
"1143","get","107","2014-03-15"
"1144","name","95","2014-03-15"
"1145","hub","87","2014-03-15"
"1146","github","75","2014-03-15"
"1147","repository","62","2014-03-15"
"1148","com","59","2014-03-15"
"1149","assert","55","2014-03-15"
"1150","equal","54","2014-03-15"
"1156","url","152","2014-05-01"
"1157","git","120","2014-05-01"
"1158","get","107","2014-05-01"
"1159","name","95","2014-05-01"
"1160","hub","87","2014-05-01"
"1161","github","75","2014-05-01"
"1162","repository","62","2014-05-01"
"1163","com","59","2014-05-01"
"1164","assert","55","2014-05-01"
"1165","equal","54","2014-05-01"
"1171","url","153","2014-06-08"
"1172","git","121","2014-06-08"
"1173","get","110","2014-06-08"
"1174","name","95","2014-06-08"
"1175","hub","88","2014-06-08"
"1176","github","74","2014-06-08"
"1177","repository","62","2014-06-08"
"1178","com","58","2014-06-08"
"1179","assert","55","2014-06-08"
"1180","equal","54","2014-06-08"
"1186","url","153","2014-06-19"
"1187","git","124","2014-06-19"
"1188","get","114","2014-06-19"
"1189","name","96","2014-06-19"
"1190","hub","91","2014-06-19"
"1191","github","74","2014-06-19"
"1192","repository","62","2014-06-19"
"1193","com","58","2014-06-19"
"1194","assert","55","2014-06-19"
"1195","equal","54","2014-06-19"
"1201","url","153","2014-07-01"
"1202","git","121","2014-07-01"
"1203","get","108","2014-07-01"
"1204","name","94","2014-07-01"
"1205","hub","88","2014-07-01"
"1206","github","74","2014-07-01"
"1207","repository","62","2014-07-01"
"1208","com","58","2014-07-01"
"1209","jenkin","54","2014-07-01"
"1210","assert","54","2014-07-01"
"1216","url","153","2014-07-14"
"1217","git","122","2014-07-14"
"1218","get","109","2014-07-14"
"1219","name","94","2014-07-14"
"1220","hub","89","2014-07-14"
"1221","github","74","2014-07-14"
"1222","repository","62","2014-07-14"
"1223","com","58","2014-07-14"
"1224","jenkin","54","2014-07-14"
"1225","assert","54","2014-07-14"
"1231","url","153","2014-07-16"
"1232","git","122","2014-07-16"
"1233","get","109","2014-07-16"
"1234","name","94","2014-07-16"
"1235","hub","89","2014-07-16"
"1236","github","74","2014-07-16"
"1237","repository","62","2014-07-16"
"1238","com","58","2014-07-16"
"1239","jenkin","54","2014-07-16"
"1240","assert","54","2014-07-16"
"1246","url","153","2014-09-04"
"1247","git","122","2014-09-04"
"1248","get","109","2014-09-04"
"1249","name","94","2014-09-04"
"1250","hub","89","2014-09-04"
"1251","github","74","2014-09-04"
"1252","repository","62","2014-09-04"
"1253","com","58","2014-09-04"
"1254","jenkin","54","2014-09-04"
"1255","assert","54","2014-09-04"
"1261","url","153","2014-10-12"
"1262","git","123","2014-10-12"
"1263","get","109","2014-10-12"
"1264","name","94","2014-10-12"
"1265","hub","89","2014-10-12"
"1266","github","74","2014-10-12"
"1267","repository","62","2014-10-12"
"1268","com","58","2014-10-12"
"1269","jenkin","54","2014-10-12"
"1270","assert","54","2014-10-12"
"1276","url","153","2014-10-13"
"1277","git","128","2014-10-13"
"1278","get","113","2014-10-13"
"1279","name","94","2014-10-13"
"1280","hub","93","2014-10-13"
"1281","github","74","2014-10-13"
"1282","repository","62","2014-10-13"
"1283","com","59","2014-10-13"
"1284","assert","58","2014-10-13"
"1285","jenkin","56","2014-10-13"
"1291","url","153","2014-10-26"
"1292","git","131","2014-10-26"
"1293","get","128","2014-10-26"
"1294","hub","96","2014-10-26"
"1295","name","94","2014-10-26"
"1296","github","74","2014-10-26"
"1297","repository","62","2014-10-26"
"1298","assert","60","2014-10-26"
"1299","com","59","2014-10-26"
"1300","jenkin","56","2014-10-26"
"1306","url","153","2014-11-01"
"1307","git","131","2014-11-01"
"1308","get","128","2014-11-01"
"1309","hub","96","2014-11-01"
"1310","name","94","2014-11-01"
"1311","github","74","2014-11-01"
"1312","repository","62","2014-11-01"
"1313","assert","60","2014-11-01"
"1314","com","59","2014-11-01"
"1315","jenkin","56","2014-11-01"
"1321","url","153","2014-11-07"
"1322","get","138","2014-11-07"
"1323","git","136","2014-11-07"
"1324","hub","99","2014-11-07"
"1325","name","95","2014-11-07"
"1326","github","74","2014-11-07"
"1327","assert","64","2014-11-07"
"1328","repository","62","2014-11-07"
"1329","build","61","2014-11-07"
"1330","com","61","2014-11-07"
"1336","url","153","2014-11-08"
"1337","git","138","2014-11-08"
"1338","get","138","2014-11-08"
"1339","hub","100","2014-11-08"
"1340","name","95","2014-11-08"
"1341","github","75","2014-11-08"
"1342","assert","64","2014-11-08"
"1343","repository","62","2014-11-08"
"1344","build","62","2014-11-08"
"1345","com","61","2014-11-08"
"1351","url","156","2014-11-17"
"1352","get","140","2014-11-17"
"1353","git","138","2014-11-17"
"1354","hub","100","2014-11-17"
"1355","name","96","2014-11-17"
"1356","github","75","2014-11-17"
"1357","build","65","2014-11-17"
"1358","assert","64","2014-11-17"
"1359","repository","62","2014-11-17"
"1360","com","61","2014-11-17"
"1366","url","156","2015-02-22"
"1367","get","140","2015-02-22"
"1368","git","138","2015-02-22"
"1369","hub","100","2015-02-22"
"1370","name","96","2015-02-22"
"1371","github","75","2015-02-22"
"1372","build","65","2015-02-22"
"1373","assert","64","2015-02-22"
"1374","repository","62","2015-02-22"
"1375","com","61","2015-02-22"
"1381","url","156","2015-02-25"
"1382","get","140","2015-02-25"
"1383","git","138","2015-02-25"
"1384","hub","100","2015-02-25"
"1385","name","96","2015-02-25"
"1386","github","75","2015-02-25"
"1387","build","65","2015-02-25"
"1388","assert","64","2015-02-25"
"1389","repository","62","2015-02-25"
"1390","com","61","2015-02-25"
"1396","url","156","2015-03-20"
"1397","get","140","2015-03-20"
"1398","git","138","2015-03-20"
"1399","hub","100","2015-03-20"
"1400","name","96","2015-03-20"
"1401","github","75","2015-03-20"
"1402","build","65","2015-03-20"
"1403","assert","64","2015-03-20"
"1404","repository","62","2015-03-20"
"1405","com","61","2015-03-20"
"1411","url","156","2015-03-25"
"1412","get","140","2015-03-25"
"1413","git","138","2015-03-25"
"1414","hub","100","2015-03-25"
"1415","name","96","2015-03-25"
"1416","github","75","2015-03-25"
"1417","build","65","2015-03-25"
"1418","assert","64","2015-03-25"
"1419","repository","62","2015-03-25"
"1420","com","61","2015-03-25"
"1426","url","156","2015-03-26"
"1427","get","140","2015-03-26"
"1428","git","138","2015-03-26"
"1429","hub","100","2015-03-26"
"1430","name","96","2015-03-26"
"1431","github","75","2015-03-26"
"1432","build","65","2015-03-26"
"1433","assert","64","2015-03-26"
"1434","repository","62","2015-03-26"
"1435","com","61","2015-03-26"
"1441","url","156","2015-03-27"
"1442","get","140","2015-03-27"
"1443","git","138","2015-03-27"
"1444","hub","100","2015-03-27"
"1445","name","96","2015-03-27"
"1446","github","75","2015-03-27"
"1447","build","65","2015-03-27"
"1448","assert","64","2015-03-27"
"1449","repository","62","2015-03-27"
"1450","com","61","2015-03-27"
"1456","url","156","2015-03-28"
"1457","get","142","2015-03-28"
"1458","git","138","2015-03-28"
"1459","hub","100","2015-03-28"
"1460","name","96","2015-03-28"
"1461","github","75","2015-03-28"
"1462","build","65","2015-03-28"
"1463","assert","64","2015-03-28"
"1464","repository","62","2015-03-28"
"1465","com","61","2015-03-28"
"1471","url","156","2015-03-30"
"1472","get","142","2015-03-30"
"1473","git","138","2015-03-30"
"1474","hub","100","2015-03-30"
"1475","name","96","2015-03-30"
"1476","github","75","2015-03-30"
"1477","build","65","2015-03-30"
"1478","assert","64","2015-03-30"
"1479","repository","62","2015-03-30"
"1480","com","61","2015-03-30"
"1486","url","156","2015-03-31"
"1487","get","142","2015-03-31"
"1488","git","138","2015-03-31"
"1489","hub","100","2015-03-31"
"1490","name","96","2015-03-31"
"1491","github","75","2015-03-31"
"1492","build","65","2015-03-31"
"1493","assert","64","2015-03-31"
"1494","repository","62","2015-03-31"
"1495","com","61","2015-03-31"
"1501","url","158","2015-04-13"
"1502","get","145","2015-04-13"
"1503","git","138","2015-04-13"
"1504","hub","100","2015-04-13"
"1505","name","96","2015-04-13"
"1506","github","75","2015-04-13"
"1507","build","65","2015-04-13"
"1508","assert","64","2015-04-13"
"1509","repository","63","2015-04-13"
"1510","com","61","2015-04-13"
"1516","url","158","2015-06-16"
"1517","get","145","2015-06-16"
"1518","git","138","2015-06-16"
"1519","hub","100","2015-06-16"
"1520","name","96","2015-06-16"
"1521","github","75","2015-06-16"
"1522","build","65","2015-06-16"
"1523","assert","64","2015-06-16"
"1524","repository","63","2015-06-16"
"1525","com","61","2015-06-16"
"1531","url","178","2015-06-17"
"1532","get","156","2015-06-17"
"1533","git","139","2015-06-17"
"1534","name","114","2015-06-17"
"1535","hub","101","2015-06-17"
"1536","hook","101","2015-06-17"
"1537","github","74","2015-06-17"
"1538","jenkin","66","2015-06-17"
"1539","repository","65","2015-06-17"
"1540","build","65","2015-06-17"
"1546","url","186","2015-07-03"
"1547","get","163","2015-07-03"
"1548","hook","147","2015-07-03"
"1549","git","145","2015-07-03"
"1550","name","119","2015-07-03"
"1551","hub","104","2015-07-03"
"1552","project","82","2015-07-03"
"1553","jenkin","79","2015-07-03"
"1554","github","74","2015-07-03"
"1555","assert","72","2015-07-03"
"1561","url","186","2015-07-05"
"1562","get","163","2015-07-05"
"1563","hook","150","2015-07-05"
"1564","git","145","2015-07-05"
"1565","name","119","2015-07-05"
"1566","hub","104","2015-07-05"
"1567","project","86","2015-07-05"
"1568","jenkin","81","2015-07-05"
"1569","github","74","2015-07-05"
"1570","assert","74","2015-07-05"
"1576","url","182","2015-07-11"
"1577","get","166","2015-07-11"
"1578","hook","163","2015-07-11"
"1579","git","147","2015-07-11"
"1580","event","129","2015-07-11"
"1581","name","125","2015-07-11"
"1582","hub","104","2015-07-11"
"1583","return","92","2015-07-11"
"1584","project","91","2015-07-11"
"1585","jenkin","84","2015-07-11"
"1591","url","177","2015-07-12"
"1592","hook","175","2015-07-12"
"1593","get","167","2015-07-12"
"1594","git","150","2015-07-12"
"1595","event","129","2015-07-12"
"1596","name","125","2015-07-12"
"1597","hub","107","2015-07-12"
"1598","return","96","2015-07-12"
"1599","project","95","2015-07-12"
"1600","jenkin","86","2015-07-12"
"1606","url","177","2015-07-15"
"1607","hook","175","2015-07-15"
"1608","get","167","2015-07-15"
"1609","git","150","2015-07-15"
"1610","event","129","2015-07-15"
"1611","name","125","2015-07-15"
"1612","hub","107","2015-07-15"
"1613","return","96","2015-07-15"
"1614","project","95","2015-07-15"
"1615","jenkin","86","2015-07-15"
"1621","url","177","2015-07-19"
"1622","hook","175","2015-07-19"
"1623","get","172","2015-07-19"
"1624","git","150","2015-07-19"
"1625","event","142","2015-07-19"
"1626","name","125","2015-07-19"
"1627","hub","107","2015-07-19"
"1628","return","96","2015-07-19"
"1629","project","95","2015-07-19"
"1630","jenkin","87","2015-07-19"
"1636","url","177","2015-07-20"
"1637","hook","175","2015-07-20"
"1638","get","172","2015-07-20"
"1639","git","150","2015-07-20"
"1640","event","142","2015-07-20"
"1641","name","125","2015-07-20"
"1642","hub","107","2015-07-20"
"1643","return","96","2015-07-20"
"1644","project","95","2015-07-20"
"1645","jenkin","87","2015-07-20"
"1651","url","177","2015-07-22"
"1652","hook","175","2015-07-22"
"1653","get","172","2015-07-22"
"1654","git","150","2015-07-22"
"1655","event","142","2015-07-22"
"1656","name","125","2015-07-22"
"1657","hub","107","2015-07-22"
"1658","return","96","2015-07-22"
"1659","project","95","2015-07-22"
"1660","jenkin","87","2015-07-22"
"1666","url","177","2015-07-29"
"1667","hook","175","2015-07-29"
"1668","get","173","2015-07-29"
"1669","git","150","2015-07-29"
"1670","event","142","2015-07-29"
"1671","name","125","2015-07-29"
"1672","hub","107","2015-07-29"
"1673","return","98","2015-07-29"
"1674","project","95","2015-07-29"
"1675","jenkin","87","2015-07-29"
"1681","url","177","2015-08-06"
"1682","hook","175","2015-08-06"
"1683","get","173","2015-08-06"
"1684","git","150","2015-08-06"
"1685","event","142","2015-08-06"
"1686","name","125","2015-08-06"
"1687","hub","107","2015-08-06"
"1688","return","98","2015-08-06"
"1689","project","95","2015-08-06"
"1690","jenkin","87","2015-08-06"
"1696","url","319","2015-08-10"
"1697","hook","235","2015-08-10"
"1698","get","234","2015-08-10"
"1699","git","215","2015-08-10"
"1700","hub","172","2015-08-10"
"1701","event","142","2015-08-10"
"1702","name","136","2015-08-10"
"1703","return","120","2015-08-10"
"1704","assert","105","2015-08-10"
"1705","github","101","2015-08-10"
"1711","url","319","2015-08-11"
"1712","hook","235","2015-08-11"
"1713","get","234","2015-08-11"
"1714","git","215","2015-08-11"
"1715","hub","172","2015-08-11"
"1716","event","142","2015-08-11"
"1717","name","136","2015-08-11"
"1718","return","120","2015-08-11"
"1719","assert","105","2015-08-11"
"1720","github","101","2015-08-11"
"1726","url","325","2015-08-17"
"1727","hook","239","2015-08-17"
"1728","get","227","2015-08-17"
"1729","git","220","2015-08-17"
"1730","hub","177","2015-08-17"
"1731","event","142","2015-08-17"
"1732","name","136","2015-08-17"
"1733","return","117","2015-08-17"
"1734","assert","108","2015-08-17"
"1735","link","104","2015-08-17"
"1741","url","326","2015-08-18"
"1742","hook","239","2015-08-18"
"1743","get","230","2015-08-18"
"1744","git","220","2015-08-18"
"1745","hub","177","2015-08-18"
"1746","event","155","2015-08-18"
"1747","name","136","2015-08-18"
"1748","return","120","2015-08-18"
"1749","assert","111","2015-08-18"
"1750","should","105","2015-08-18"
"1756","url","326","2015-08-24"
"1757","hook","239","2015-08-24"
"1758","get","230","2015-08-24"
"1759","git","220","2015-08-24"
"1760","hub","177","2015-08-24"
"1761","event","155","2015-08-24"
"1762","name","136","2015-08-24"
"1763","return","120","2015-08-24"
"1764","assert","111","2015-08-24"
"1765","should","105","2015-08-24"
"1771","url","328","2015-08-30"
"1772","hook","239","2015-08-30"
"1773","get","232","2015-08-30"
"1774","git","221","2015-08-30"
"1775","hub","178","2015-08-30"
"1776","event","155","2015-08-30"
"1777","name","136","2015-08-30"
"1778","return","120","2015-08-30"
"1779","assert","111","2015-08-30"
"1780","should","105","2015-08-30"
"1786","url","336","2015-08-31"
"1787","hook","243","2015-08-31"
"1788","get","233","2015-08-31"
"1789","git","221","2015-08-31"
"1790","hub","178","2015-08-31"
"1791","event","155","2015-08-31"
"1792","name","136","2015-08-31"
"1793","return","122","2015-08-31"
"1794","assert","111","2015-08-31"
"1795","jenkin","106","2015-08-31"
"1801","url","336","2015-09-01"
"1802","hook","243","2015-09-01"
"1803","get","234","2015-09-01"
"1804","git","229","2015-09-01"
"1805","hub","186","2015-09-01"
"1806","event","155","2015-09-01"
"1807","name","136","2015-09-01"
"1808","return","125","2015-09-01"
"1809","github","112","2015-09-01"
"1810","assert","111","2015-09-01"
"1816","url","336","2015-09-02"
"1817","hook","243","2015-09-02"
"1818","get","234","2015-09-02"
"1819","git","229","2015-09-02"
"1820","hub","186","2015-09-02"
"1821","event","155","2015-09-02"
"1822","name","136","2015-09-02"
"1823","return","125","2015-09-02"
"1824","github","112","2015-09-02"
"1825","assert","111","2015-09-02"
"1831","url","336","2015-09-03"
"1832","hook","245","2015-09-03"
"1833","get","245","2015-09-03"
"1834","git","230","2015-09-03"
"1835","hub","186","2015-09-03"
"1836","event","157","2015-09-03"
"1837","name","145","2015-09-03"
"1838","return","128","2015-09-03"
"1839","assert","117","2015-09-03"
"1840","link","116","2015-09-03"
"1846","url","336","2015-09-04"
"1847","hook","245","2015-09-04"
"1848","get","245","2015-09-04"
"1849","git","230","2015-09-04"
"1850","hub","186","2015-09-04"
"1851","event","157","2015-09-04"
"1852","name","145","2015-09-04"
"1853","return","128","2015-09-04"
"1854","assert","117","2015-09-04"
"1855","link","116","2015-09-04"
"1861","url","336","2015-09-21"
"1862","hook","245","2015-09-21"
"1863","get","245","2015-09-21"
"1864","git","230","2015-09-21"
"1865","hub","186","2015-09-21"
"1866","event","157","2015-09-21"
"1867","name","145","2015-09-21"
"1868","return","128","2015-09-21"
"1869","assert","117","2015-09-21"
"1870","link","116","2015-09-21"
"1876","url","336","2015-09-22"
"1877","hook","245","2015-09-22"
"1878","get","245","2015-09-22"
"1879","git","230","2015-09-22"
"1880","hub","186","2015-09-22"
"1881","event","157","2015-09-22"
"1882","name","145","2015-09-22"
"1883","return","128","2015-09-22"
"1884","assert","117","2015-09-22"
"1885","link","116","2015-09-22"
"1891","url","336","2015-09-23"
"1892","hook","245","2015-09-23"
"1893","get","245","2015-09-23"
"1894","git","230","2015-09-23"
"1895","hub","186","2015-09-23"
"1896","event","157","2015-09-23"
"1897","name","145","2015-09-23"
"1898","return","128","2015-09-23"
"1899","assert","117","2015-09-23"
"1900","link","116","2015-09-23"
"1906","url","354","2015-09-24"
"1907","get","263","2015-09-24"
"1908","hook","247","2015-09-24"
"1909","git","239","2015-09-24"
"1910","hub","195","2015-09-24"
"1911","event","160","2015-09-24"
"1912","name","145","2015-09-24"
"1913","return","134","2015-09-24"
"1914","github","134","2015-09-24"
"1915","config","122","2015-09-24"
"1921","url","354","2015-09-26"
"1922","get","263","2015-09-26"
"1923","hook","247","2015-09-26"
"1924","git","239","2015-09-26"
"1925","hub","195","2015-09-26"
"1926","event","160","2015-09-26"
"1927","name","145","2015-09-26"
"1928","return","134","2015-09-26"
"1929","github","134","2015-09-26"
"1930","config","122","2015-09-26"
"1936","url","357","2015-09-27"
"1937","get","265","2015-09-27"
"1938","hook","247","2015-09-27"
"1939","git","240","2015-09-27"
"1940","hub","196","2015-09-27"
"1941","event","160","2015-09-27"
"1942","name","145","2015-09-27"
"1943","return","135","2015-09-27"
"1944","github","134","2015-09-27"
"1945","config","123","2015-09-27"
"1951","url","358","2015-09-28"
"1952","get","266","2015-09-28"
"1953","hook","250","2015-09-28"
"1954","git","240","2015-09-28"
"1955","hub","196","2015-09-28"
"1956","event","162","2015-09-28"
"1957","name","145","2015-09-28"
"1958","return","138","2015-09-28"
"1959","github","134","2015-09-28"
"1960","config","123","2015-09-28"
"1966","url","358","2015-09-29"
"1967","get","266","2015-09-29"
"1968","hook","250","2015-09-29"
"1969","git","240","2015-09-29"
"1970","hub","196","2015-09-29"
"1971","event","162","2015-09-29"
"1972","name","145","2015-09-29"
"1973","return","138","2015-09-29"
"1974","github","134","2015-09-29"
"1975","config","123","2015-09-29"
"1981","url","371","2015-10-06"
"1982","get","291","2015-10-06"
"1983","hook","249","2015-10-06"
"1984","git","247","2015-10-06"
"1985","hub","203","2015-10-06"
"1986","config","181","2015-10-06"
"1987","event","162","2015-10-06"
"1988","cach","161","2015-10-06"
"1989","name","160","2015-10-06"
"1990","return","149","2015-10-06"
"1996","url","371","2015-10-07"
"1997","get","293","2015-10-07"
"1998","hook","249","2015-10-07"
"1999","git","247","2015-10-07"
"2000","hub","203","2015-10-07"
"2001","config","181","2015-10-07"
"2002","cach","164","2015-10-07"
"2003","name","164","2015-10-07"
"2004","event","162","2015-10-07"
"2005","return","149","2015-10-07"
"2011","url","383","2015-10-11"
"2012","get","301","2015-10-11"
"2013","hook","249","2015-10-11"
"2014","git","247","2015-10-11"
"2015","hub","203","2015-10-11"
"2016","config","184","2015-10-11"
"2017","name","165","2015-10-11"
"2018","cach","164","2015-10-11"
"2019","event","162","2015-10-11"
"2020","return","149","2015-10-11"
"2026","url","351","2015-10-17"
"2027","get","302","2015-10-17"
"2028","hook","249","2015-10-17"
"2029","git","198","2015-10-17"
"2030","hub","185","2015-10-17"
"2031","config","184","2015-10-17"
"2032","cach","164","2015-10-17"
"2033","name","163","2015-10-17"
"2034","event","162","2015-10-17"
"2035","return","150","2015-10-17"
"2041","url","351","2015-10-18"
"2042","get","302","2015-10-18"
"2043","hook","249","2015-10-18"
"2044","git","198","2015-10-18"
"2045","hub","185","2015-10-18"
"2046","config","184","2015-10-18"
"2047","cach","164","2015-10-18"
"2048","name","163","2015-10-18"
"2049","event","162","2015-10-18"
"2050","return","150","2015-10-18"
"2056","url","351","2015-10-26"
"2057","get","302","2015-10-26"
"2058","hook","249","2015-10-26"
"2059","git","198","2015-10-26"
"2060","hub","185","2015-10-26"
"2061","config","184","2015-10-26"
"2062","cach","164","2015-10-26"
"2063","name","163","2015-10-26"
"2064","event","162","2015-10-26"
"2065","return","150","2015-10-26"
"2071","url","351","2015-10-27"
"2072","get","302","2015-10-27"
"2073","hook","249","2015-10-27"
"2074","git","198","2015-10-27"
"2075","hub","185","2015-10-27"
"2076","config","184","2015-10-27"
"2077","cach","164","2015-10-27"
"2078","name","163","2015-10-27"
"2079","event","162","2015-10-27"
"2080","return","150","2015-10-27"
"2086","url","351","2015-11-19"
"2087","get","323","2015-11-19"
"2088","hook","250","2015-11-19"
"2089","git","201","2015-11-19"
"2090","hub","188","2015-11-19"
"2091","config","184","2015-11-19"
"2092","name","175","2015-11-19"
"2093","cach","164","2015-11-19"
"2094","event","162","2015-11-19"
"2095","return","152","2015-11-19"
"2101","url","351","2015-11-24"
"2102","get","318","2015-11-24"
"2103","hook","249","2015-11-24"
"2104","git","200","2015-11-24"
"2105","hub","187","2015-11-24"
"2106","config","184","2015-11-24"
"2107","name","176","2015-11-24"
"2108","cach","164","2015-11-24"
"2109","event","162","2015-11-24"
"2110","return","151","2015-11-24"
"2116","url","351","2015-12-04"
"2117","get","328","2015-12-04"
"2118","hook","249","2015-12-04"
"2119","git","200","2015-12-04"
"2120","name","194","2015-12-04"
"2121","hub","187","2015-12-04"
"2122","config","184","2015-12-04"
"2123","cach","164","2015-12-04"
"2124","event","162","2015-12-04"
"2125","return","153","2015-12-04"
"2131","url","351","2015-12-13"
"2132","get","329","2015-12-13"
"2133","hook","249","2015-12-13"
"2134","name","198","2015-12-13"
"2135","git","196","2015-12-13"
"2136","hub","186","2015-12-13"
"2137","config","184","2015-12-13"
"2138","cach","164","2015-12-13"
"2139","event","162","2015-12-13"
"2140","return","153","2015-12-13"
"2146","url","351","2015-12-14"
"2147","get","329","2015-12-14"
"2148","hook","249","2015-12-14"
"2149","name","199","2015-12-14"
"2150","git","196","2015-12-14"
"2151","hub","186","2015-12-14"
"2152","config","184","2015-12-14"
"2153","cach","164","2015-12-14"
"2154","event","162","2015-12-14"
"2155","return","153","2015-12-14"
"2161","url","351","2015-12-15"
"2162","get","329","2015-12-15"
"2163","hook","249","2015-12-15"
"2164","name","199","2015-12-15"
"2165","git","196","2015-12-15"
"2166","hub","186","2015-12-15"
"2167","config","184","2015-12-15"
"2168","cach","164","2015-12-15"
"2169","event","162","2015-12-15"
"2170","return","153","2015-12-15"
"2176","url","353","2015-12-21"
"2177","get","345","2015-12-21"
"2178","hook","249","2015-12-21"
"2179","name","204","2015-12-21"
"2180","config","203","2015-12-21"
"2181","git","201","2015-12-21"
"2182","hub","191","2015-12-21"
"2183","cach","164","2015-12-21"
"2184","event","162","2015-12-21"
"2185","return","156","2015-12-21"
"2191","url","353","2015-12-22"
"2192","get","345","2015-12-22"
"2193","hook","249","2015-12-22"
"2194","name","204","2015-12-22"
"2195","config","203","2015-12-22"
"2196","git","201","2015-12-22"
"2197","hub","191","2015-12-22"
"2198","cach","164","2015-12-22"
"2199","event","162","2015-12-22"
"2200","return","156","2015-12-22"
"2206","url","353","2015-12-28"
"2207","get","345","2015-12-28"
"2208","hook","249","2015-12-28"
"2209","name","204","2015-12-28"
"2210","config","203","2015-12-28"
"2211","git","201","2015-12-28"
"2212","hub","191","2015-12-28"
"2213","cach","164","2015-12-28"
"2214","event","162","2015-12-28"
"2215","return","156","2015-12-28"
"2221","url","353","2015-12-31"
"2222","get","345","2015-12-31"
"2223","hook","249","2015-12-31"
"2224","name","204","2015-12-31"
"2225","config","203","2015-12-31"
"2226","git","201","2015-12-31"
"2227","hub","191","2015-12-31"
"2228","cach","164","2015-12-31"
"2229","event","162","2015-12-31"
"2230","return","156","2015-12-31"
"2236","url","353","2016-01-08"
"2237","get","345","2016-01-08"
"2238","hook","249","2016-01-08"
"2239","name","204","2016-01-08"
"2240","config","203","2016-01-08"
"2241","git","201","2016-01-08"
"2242","hub","191","2016-01-08"
"2243","cach","164","2016-01-08"
"2244","event","162","2016-01-08"
"2245","return","156","2016-01-08"
"2251","url","357","2016-01-14"
"2252","get","348","2016-01-14"
"2253","hook","249","2016-01-14"
"2254","name","205","2016-01-14"
"2255","config","203","2016-01-14"
"2256","git","201","2016-01-14"
"2257","hub","191","2016-01-14"
"2258","cach","164","2016-01-14"
"2259","event","162","2016-01-14"
"2260","return","156","2016-01-14"
"2266","url","357","2016-01-20"
"2267","get","348","2016-01-20"
"2268","hook","249","2016-01-20"
"2269","name","205","2016-01-20"
"2270","config","203","2016-01-20"
"2271","git","201","2016-01-20"
"2272","hub","191","2016-01-20"
"2273","cach","164","2016-01-20"
"2274","event","162","2016-01-20"
"2275","return","156","2016-01-20"
"2281","get","384","2016-01-26"
"2282","url","362","2016-01-26"
"2283","hook","269","2016-01-26"
"2284","name","235","2016-01-26"
"2285","git","222","2016-01-26"
"2286","hub","207","2016-01-26"
"2287","config","207","2016-01-26"
"2288","should","190","2016-01-26"
"2289","repo","183","2016-01-26"
"2290","return","165","2016-01-26"
"2296","get","385","2016-01-28"
"2297","url","363","2016-01-28"
"2298","hook","269","2016-01-28"
"2299","name","235","2016-01-28"
"2300","git","222","2016-01-28"
"2301","hub","207","2016-01-28"
"2302","config","207","2016-01-28"
"2303","should","190","2016-01-28"
"2304","repo","183","2016-01-28"
"2305","return","165","2016-01-28"
"2311","get","385","2016-02-19"
"2312","url","363","2016-02-19"
"2313","hook","269","2016-02-19"
"2314","name","235","2016-02-19"
"2315","git","222","2016-02-19"
"2316","hub","207","2016-02-19"
"2317","config","207","2016-02-19"
"2318","should","190","2016-02-19"
"2319","repo","183","2016-02-19"
"2320","return","165","2016-02-19"
"2326","get","385","2016-02-22"
"2327","url","363","2016-02-22"
"2328","hook","269","2016-02-22"
"2329","name","235","2016-02-22"
"2330","git","222","2016-02-22"
"2331","hub","207","2016-02-22"
"2332","config","207","2016-02-22"
"2333","should","190","2016-02-22"
"2334","repo","183","2016-02-22"
"2335","return","165","2016-02-22"
"2341","get","385","2016-02-23"
"2342","url","363","2016-02-23"
"2343","hook","269","2016-02-23"
"2344","name","235","2016-02-23"
"2345","git","222","2016-02-23"
"2346","hub","207","2016-02-23"
"2347","config","207","2016-02-23"
"2348","should","190","2016-02-23"
"2349","repo","183","2016-02-23"
"2350","return","165","2016-02-23"
"2356","get","383","2016-03-07"
"2357","url","352","2016-03-07"
"2358","hook","269","2016-03-07"
"2359","name","235","2016-03-07"
"2360","git","224","2016-03-07"
"2361","hub","209","2016-03-07"
"2362","config","206","2016-03-07"
"2363","should","187","2016-03-07"
"2364","repo","183","2016-03-07"
"2365","return","164","2016-03-07"
"2371","get","384","2016-03-08"
"2372","url","363","2016-03-08"
"2373","hook","269","2016-03-08"
"2374","name","235","2016-03-08"
"2375","git","222","2016-03-08"
"2376","hub","207","2016-03-08"
"2377","config","207","2016-03-08"
"2378","should","190","2016-03-08"
"2379","repo","183","2016-03-08"
"2380","return","165","2016-03-08"
"2386","get","383","2016-03-10"
"2387","url","341","2016-03-10"
"2388","hook","269","2016-03-10"
"2389","name","235","2016-03-10"
"2390","git","225","2016-03-10"
"2391","hub","210","2016-03-10"
"2392","config","207","2016-03-10"
"2393","should","187","2016-03-10"
"2394","repo","183","2016-03-10"
"2395","return","164","2016-03-10"
"2401","get","383","2016-03-16"
"2402","url","351","2016-03-16"
"2403","hook","269","2016-03-16"
"2404","name","235","2016-03-16"
"2405","git","225","2016-03-16"
"2406","hub","210","2016-03-16"
"2407","config","207","2016-03-16"
"2408","should","188","2016-03-16"
"2409","repo","183","2016-03-16"
"2410","return","165","2016-03-16"
"2416","get","383","2016-03-17"
"2417","url","359","2016-03-17"
"2418","hook","269","2016-03-17"
"2419","name","235","2016-03-17"
"2420","git","225","2016-03-17"
"2421","hub","210","2016-03-17"
"2422","config","207","2016-03-17"
"2423","should","189","2016-03-17"
"2424","repo","183","2016-03-17"
"2425","return","166","2016-03-17"
"2431","get","383","2016-03-18"
"2432","url","359","2016-03-18"
"2433","hook","269","2016-03-18"
"2434","name","235","2016-03-18"
"2435","git","225","2016-03-18"
"2436","hub","210","2016-03-18"
"2437","config","207","2016-03-18"
"2438","should","189","2016-03-18"
"2439","repo","183","2016-03-18"
"2440","return","166","2016-03-18"
"2446","get","383","2016-04-02"
"2447","url","359","2016-04-02"
"2448","hook","269","2016-04-02"
"2449","name","235","2016-04-02"
"2450","git","225","2016-04-02"
"2451","hub","210","2016-04-02"
"2452","config","207","2016-04-02"
"2453","should","189","2016-04-02"
"2454","repo","183","2016-04-02"
"2455","return","166","2016-04-02"
"2461","get","383","2016-04-03"
"2462","url","359","2016-04-03"
"2463","hook","269","2016-04-03"
"2464","name","235","2016-04-03"
"2465","git","225","2016-04-03"
"2466","hub","210","2016-04-03"
"2467","config","207","2016-04-03"
"2468","should","189","2016-04-03"
"2469","repo","183","2016-04-03"
"2470","return","166","2016-04-03"
"2476","get","382","2016-04-10"
"2477","url","359","2016-04-10"
"2478","hook","269","2016-04-10"
"2479","name","235","2016-04-10"
"2480","git","225","2016-04-10"
"2481","hub","210","2016-04-10"
"2482","config","207","2016-04-10"
"2483","should","189","2016-04-10"
"2484","repo","183","2016-04-10"
"2485","return","166","2016-04-10"
"2491","get","425","2016-04-18"
"2492","url","360","2016-04-18"
"2493","hook","269","2016-04-18"
"2494","name","250","2016-04-18"
"2495","git","235","2016-04-18"
"2496","hub","220","2016-04-18"
"2497","config","207","2016-04-18"
"2498","repo","196","2016-04-18"
"2499","should","189","2016-04-18"
"2500","return","166","2016-04-18"
"2506","get","441","2016-04-22"
"2507","url","360","2016-04-22"
"2508","hook","269","2016-04-22"
"2509","name","257","2016-04-22"
"2510","git","238","2016-04-22"
"2511","hub","223","2016-04-22"
"2512","config","207","2016-04-22"
"2513","repo","196","2016-04-22"
"2514","should","189","2016-04-22"
"2515","return","166","2016-04-22"
"2521","get","462","2016-04-24"
"2522","url","361","2016-04-24"
"2523","hook","269","2016-04-24"
"2524","name","258","2016-04-24"
"2525","git","241","2016-04-24"
"2526","hub","225","2016-04-24"
"2527","should","213","2016-04-24"
"2528","config","211","2016-04-24"
"2529","return","211","2016-04-24"
"2530","repo","201","2016-04-24"
"2536","get","462","2016-04-26"
"2537","url","361","2016-04-26"
"2538","hook","269","2016-04-26"
"2539","name","258","2016-04-26"
"2540","git","241","2016-04-26"
"2541","hub","225","2016-04-26"
"2542","should","213","2016-04-26"
"2543","config","211","2016-04-26"
"2544","return","211","2016-04-26"
"2545","repo","201","2016-04-26"
"2551","get","462","2016-04-28"
"2552","url","361","2016-04-28"
"2553","hook","269","2016-04-28"
"2554","name","258","2016-04-28"
"2555","git","241","2016-04-28"
"2556","hub","225","2016-04-28"
"2557","should","213","2016-04-28"
"2558","config","211","2016-04-28"
"2559","return","211","2016-04-28"
"2560","repo","201","2016-04-28"
"2566","get","462","2016-05-02"
"2567","url","361","2016-05-02"
"2568","hook","269","2016-05-02"
"2569","name","258","2016-05-02"
"2570","git","241","2016-05-02"
"2571","hub","225","2016-05-02"
"2572","should","213","2016-05-02"
"2573","config","211","2016-05-02"
"2574","return","211","2016-05-02"
"2575","repo","201","2016-05-02"
"2581","get","462","2016-05-03"
"2582","url","361","2016-05-03"
"2583","hook","269","2016-05-03"
"2584","name","258","2016-05-03"
"2585","git","241","2016-05-03"
"2586","hub","225","2016-05-03"
"2587","should","213","2016-05-03"
"2588","config","211","2016-05-03"
"2589","return","211","2016-05-03"
"2590","repo","201","2016-05-03"
"2596","get","462","2016-05-04"
"2597","url","361","2016-05-04"
"2598","hook","269","2016-05-04"
"2599","name","258","2016-05-04"
"2600","git","241","2016-05-04"
"2601","hub","225","2016-05-04"
"2602","should","213","2016-05-04"
"2603","config","211","2016-05-04"
"2604","return","211","2016-05-04"
"2605","repo","201","2016-05-04"
"2611","get","462","2016-05-08"
"2612","url","361","2016-05-08"
"2613","hook","269","2016-05-08"
"2614","name","258","2016-05-08"
"2615","git","241","2016-05-08"
"2616","hub","225","2016-05-08"
"2617","should","213","2016-05-08"
"2618","config","211","2016-05-08"
"2619","return","211","2016-05-08"
"2620","repo","201","2016-05-08"
"2626","get","462","2016-05-12"
"2627","url","361","2016-05-12"
"2628","hook","269","2016-05-12"
"2629","name","258","2016-05-12"
"2630","git","241","2016-05-12"
"2631","hub","225","2016-05-12"
"2632","should","213","2016-05-12"
"2633","config","211","2016-05-12"
"2634","return","211","2016-05-12"
"2635","repo","201","2016-05-12"
"2641","get","464","2016-06-22"
"2642","url","361","2016-06-22"
"2643","hook","269","2016-06-22"
"2644","name","258","2016-06-22"
"2645","git","242","2016-06-22"
"2646","hub","226","2016-06-22"
"2647","should","213","2016-06-22"
"2648","config","211","2016-06-22"
"2649","return","211","2016-06-22"
"2650","repo","201","2016-06-22"
"2656","get","464","2016-06-23"
"2657","url","361","2016-06-23"
"2658","hook","269","2016-06-23"
"2659","name","258","2016-06-23"
"2660","git","242","2016-06-23"
"2661","hub","226","2016-06-23"
"2662","should","213","2016-06-23"
"2663","config","211","2016-06-23"
"2664","return","211","2016-06-23"
"2665","repo","201","2016-06-23"
"2671","get","464","2016-06-24"
"2672","url","361","2016-06-24"
"2673","hook","269","2016-06-24"
"2674","name","258","2016-06-24"
"2675","git","242","2016-06-24"
"2676","hub","226","2016-06-24"
"2677","should","213","2016-06-24"
"2678","config","211","2016-06-24"
"2679","return","211","2016-06-24"
"2680","repo","201","2016-06-24"
"2686","get","463","2016-07-11"
"2687","url","358","2016-07-11"
"2688","hook","269","2016-07-11"
"2689","name","262","2016-07-11"
"2690","git","242","2016-07-11"
"2691","hub","226","2016-07-11"
"2692","should","213","2016-07-11"
"2693","config","211","2016-07-11"
"2694","return","211","2016-07-11"
"2695","repo","201","2016-07-11"
"2701","get","463","2016-07-20"
"2702","url","358","2016-07-20"
"2703","hook","269","2016-07-20"
"2704","name","262","2016-07-20"
"2705","git","242","2016-07-20"
"2706","hub","226","2016-07-20"
"2707","should","213","2016-07-20"
"2708","config","211","2016-07-20"
"2709","return","211","2016-07-20"
"2710","repo","201","2016-07-20"
"2716","get","467","2016-07-21"
"2717","url","368","2016-07-21"
"2718","hook","269","2016-07-21"
"2719","name","267","2016-07-21"
"2720","git","244","2016-07-21"
"2721","hub","228","2016-07-21"
"2722","should","213","2016-07-21"
"2723","return","213","2016-07-21"
"2724","config","211","2016-07-21"
"2725","repo","205","2016-07-21"
"2731","get","467","2016-07-24"
"2732","url","368","2016-07-24"
"2733","hook","269","2016-07-24"
"2734","name","267","2016-07-24"
"2735","git","244","2016-07-24"
"2736","hub","228","2016-07-24"
"2737","should","213","2016-07-24"
"2738","return","213","2016-07-24"
"2739","config","211","2016-07-24"
"2740","repo","205","2016-07-24"
"2746","get","491","2016-08-12"
"2747","url","369","2016-08-12"
"2748","hook","302","2016-08-12"
"2749","name","268","2016-08-12"
"2750","git","248","2016-08-12"
"2751","config","234","2016-08-12"
"2752","hub","232","2016-08-12"
"2753","should","231","2016-08-12"
"2754","return","231","2016-08-12"
"2755","repo","207","2016-08-12"
"2761","get","491","2016-08-15"
"2762","url","369","2016-08-15"
"2763","hook","302","2016-08-15"
"2764","name","268","2016-08-15"
"2765","git","248","2016-08-15"
"2766","config","234","2016-08-15"
"2767","hub","232","2016-08-15"
"2768","should","231","2016-08-15"
"2769","return","231","2016-08-15"
"2770","repo","207","2016-08-15"
"2776","get","492","2016-08-18"
"2777","url","369","2016-08-18"
"2778","hook","303","2016-08-18"
"2779","name","268","2016-08-18"
"2780","git","249","2016-08-18"
"2781","config","236","2016-08-18"
"2782","should","233","2016-08-18"
"2783","hub","233","2016-08-18"
"2784","return","232","2016-08-18"
"2785","repo","207","2016-08-18"
"2791","get","492","2016-08-19"
"2792","url","369","2016-08-19"
"2793","hook","303","2016-08-19"
"2794","name","268","2016-08-19"
"2795","git","249","2016-08-19"
"2796","config","236","2016-08-19"
"2797","should","233","2016-08-19"
"2798","hub","233","2016-08-19"
"2799","return","232","2016-08-19"
"2800","repo","207","2016-08-19"
"2806","get","492","2016-09-09"
"2807","url","369","2016-09-09"
"2808","hook","303","2016-09-09"
"2809","name","268","2016-09-09"
"2810","git","249","2016-09-09"
"2811","config","236","2016-09-09"
"2812","should","233","2016-09-09"
"2813","hub","233","2016-09-09"
"2814","return","232","2016-09-09"
"2815","repo","207","2016-09-09"
"2821","get","507","2016-09-19"
"2822","url","373","2016-09-19"
"2823","hook","303","2016-09-19"
"2824","name","270","2016-09-19"
"2825","git","250","2016-09-19"
"2826","return","241","2016-09-19"
"2827","config","236","2016-09-19"
"2828","should","235","2016-09-19"
"2829","hub","234","2016-09-19"
"2830","repo","207","2016-09-19"
"2836","get","507","2016-09-20"
"2837","url","373","2016-09-20"
"2838","hook","303","2016-09-20"
"2839","name","270","2016-09-20"
"2840","git","250","2016-09-20"
"2841","return","240","2016-09-20"
"2842","config","236","2016-09-20"
"2843","should","235","2016-09-20"
"2844","hub","234","2016-09-20"
"2845","repo","207","2016-09-20"
"2851","get","507","2016-09-29"
"2852","url","373","2016-09-29"
"2853","hook","303","2016-09-29"
"2854","name","270","2016-09-29"
"2855","git","250","2016-09-29"
"2856","return","240","2016-09-29"
"2857","config","236","2016-09-29"
"2858","should","235","2016-09-29"
"2859","hub","234","2016-09-29"
"2860","repo","207","2016-09-29"
"2866","get","507","2016-10-03"
"2867","url","373","2016-10-03"
"2868","hook","303","2016-10-03"
"2869","name","270","2016-10-03"
"2870","git","250","2016-10-03"
"2871","return","240","2016-10-03"
"2872","config","236","2016-10-03"
"2873","should","235","2016-10-03"
"2874","hub","234","2016-10-03"
"2875","repo","207","2016-10-03"
"2881","get","510","2016-10-12"
"2882","url","373","2016-10-12"
"2883","hook","303","2016-10-12"
"2884","name","274","2016-10-12"
"2885","git","250","2016-10-12"
"2886","return","240","2016-10-12"
"2887","config","236","2016-10-12"
"2888","should","235","2016-10-12"
"2889","hub","234","2016-10-12"
"2890","repo","210","2016-10-12"
"2896","get","510","2016-10-18"
"2897","url","373","2016-10-18"
"2898","hook","303","2016-10-18"
"2899","name","274","2016-10-18"
"2900","git","250","2016-10-18"
"2901","return","240","2016-10-18"
"2902","config","236","2016-10-18"
"2903","should","235","2016-10-18"
"2904","hub","234","2016-10-18"
"2905","repo","210","2016-10-18"
"2911","get","510","2016-10-19"
"2912","url","373","2016-10-19"
"2913","hook","303","2016-10-19"
"2914","name","274","2016-10-19"
"2915","git","250","2016-10-19"
"2916","return","240","2016-10-19"
"2917","config","236","2016-10-19"
"2918","should","235","2016-10-19"
"2919","hub","234","2016-10-19"
"2920","repo","210","2016-10-19"
"2926","get","510","2016-11-03"
"2927","url","373","2016-11-03"
"2928","hook","303","2016-11-03"
"2929","name","274","2016-11-03"
"2930","git","250","2016-11-03"
"2931","return","240","2016-11-03"
"2932","config","236","2016-11-03"
"2933","should","235","2016-11-03"
"2934","hub","234","2016-11-03"
"2935","repo","210","2016-11-03"
"2941","get","514","2016-11-14"
"2942","url","377","2016-11-14"
"2943","hook","303","2016-11-14"
"2944","name","274","2016-11-14"
"2945","git","250","2016-11-14"
"2946","return","240","2016-11-14"
"2947","config","236","2016-11-14"
"2948","should","235","2016-11-14"
"2949","hub","234","2016-11-14"
"2950","repo","210","2016-11-14"
"2956","get","519","2016-11-16"
"2957","url","378","2016-11-16"
"2958","hook","304","2016-11-16"
"2959","name","274","2016-11-16"
"2960","git","251","2016-11-16"
"2961","return","245","2016-11-16"
"2962","config","236","2016-11-16"
"2963","hub","235","2016-11-16"
"2964","should","235","2016-11-16"
"2965","repo","210","2016-11-16"
"2971","get","521","2016-11-23"
"2972","url","378","2016-11-23"
"2973","hook","304","2016-11-23"
"2974","name","274","2016-11-23"
"2975","git","251","2016-11-23"
"2976","return","246","2016-11-23"
"2977","config","236","2016-11-23"
"2978","hub","235","2016-11-23"
"2979","should","235","2016-11-23"
"2980","repo","210","2016-11-23"
"2986","get","530","2016-11-25"
"2987","url","378","2016-11-25"
"2988","hook","304","2016-11-25"
"2989","name","282","2016-11-25"
"2990","git","252","2016-11-25"
"2991","return","248","2016-11-25"
"2992","config","240","2016-11-25"
"2993","should","235","2016-11-25"
"2994","hub","235","2016-11-25"
"2995","repo","210","2016-11-25"
"3001","get","537","2016-12-11"
"3002","url","378","2016-12-11"
"3003","hook","318","2016-12-11"
"3004","name","292","2016-12-11"
"3005","return","255","2016-12-11"
"3006","git","254","2016-12-11"
"3007","config","240","2016-12-11"
"3008","should","238","2016-12-11"
"3009","hub","237","2016-12-11"
"3010","repo","212","2016-12-11"
"3016","get","537","2016-12-11"
"3017","get","537","2016-12-11"
"3018","url","378","2016-12-11"
"3019","url","378","2016-12-11"
"3020","hook","318","2016-12-11"
"3021","hook","318","2016-12-11"
"3022","name","292","2016-12-11"
"3023","name","292","2016-12-11"
"3024","return","255","2016-12-11"
"3025","return","255","2016-12-11"
"3031","get","537","2016-12-12"
"3032","url","378","2016-12-12"
"3033","hook","319","2016-12-12"
"3034","name","292","2016-12-12"
"3035","return","255","2016-12-12"
"3036","git","255","2016-12-12"
"3037","config","240","2016-12-12"
"3038","should","238","2016-12-12"
"3039","hub","237","2016-12-12"
"3040","repo","212","2016-12-12"
"3046","get","537","2016-12-22"
"3047","url","378","2016-12-22"
"3048","hook","319","2016-12-22"
"3049","name","292","2016-12-22"
"3050","return","255","2016-12-22"
"3051","git","255","2016-12-22"
"3052","config","240","2016-12-22"
"3053","should","238","2016-12-22"
"3054","hub","237","2016-12-22"
"3055","repo","212","2016-12-22"
"3061","get","539","2017-01-12"
"3062","url","378","2017-01-12"
"3063","hook","319","2017-01-12"
"3064","name","292","2017-01-12"
"3065","git","257","2017-01-12"
"3066","return","255","2017-01-12"
"3067","config","240","2017-01-12"
"3068","hub","239","2017-01-12"
"3069","should","238","2017-01-12"
"3070","repo","212","2017-01-12"
"3076","get","554","2017-02-10"
"3077","url","378","2017-02-10"
"3078","hook","323","2017-02-10"
"3079","name","292","2017-02-10"
"3080","git","268","2017-02-10"
"3081","return","258","2017-02-10"
"3082","event","251","2017-02-10"
"3083","hub","250","2017-02-10"
"3084","should","244","2017-02-10"
"3085","config","240","2017-02-10"
"3091","get","554","2017-02-12"
"3092","url","378","2017-02-12"
"3093","hook","323","2017-02-12"
"3094","name","292","2017-02-12"
"3095","git","268","2017-02-12"
"3096","return","258","2017-02-12"
"3097","event","251","2017-02-12"
"3098","hub","250","2017-02-12"
"3099","should","244","2017-02-12"
"3100","config","240","2017-02-12"
"3106","get","554","2017-02-26"
"3107","url","378","2017-02-26"
"3108","hook","323","2017-02-26"
"3109","name","292","2017-02-26"
"3110","git","268","2017-02-26"
"3111","return","258","2017-02-26"
"3112","event","251","2017-02-26"
"3113","hub","250","2017-02-26"
"3114","should","244","2017-02-26"
"3115","config","240","2017-02-26"
